Country,Region,Year,Latitude,Longitude,Traffic_Congestion_Index,Dispatch_Time_Min,Response_Time_Min,Ambulance_Calls,Road_Accidents,Population_Density_per_km2,Hospital_Nearby,Avg_Traffic_Speed_kmph,Road_Quality_Index,Emergency_Staff_Available,GPS_Accuracy_m,Sector
Rwanda,Gasabo,2017,-1.9224278401640016,30.087644735003103,0.491486425474149,12.41300684423316,31.78742039979879,4272,70,3475.0,Yes,23.49,0.87,28,68.58,Bumbogo
Rwanda,Gasabo,2017,-1.9378690322597458,30.08447630174221,0.4722074934779233,16.176994705779244,32.964274392236234,4272,70,3239.0,Yes,23.49,0.87,28,68.58,Gatsata
Rwanda,Gasabo,2017,-1.9364384419193186,30.07859851218449,0.4585529398846665,16.34237877621421,30.69957373140678,4272,70,3493.0,Yes,23.49,0.87,28,68.58,Gikomero
Rwanda,Gasabo,2017,-1.9246035445280067,30.078370415713447,0.4831755803858318,15.543907471954952,28.87742615713367,4272,70,3316.0,Yes,23.49,0.87,28,68.58,Gisozi
Rwanda,Gasabo,2017,-1.9316934130012235,30.07978144854688,0.5015006821060216,12.859810237073678,33.57996136418631,4272,70,3377.0,Yes,23.49,0.87,28,68.58,Jabana
Rwanda,Gasabo,2017,-1.93498208039081,30.084948085352078,0.504998576315338,15.475065602500898,30.544988484875933,4272,70,3442.0,Yes,23.49,0.87,28,68.58,Jali
Rwanda,Gasabo,2017,-1.9361001532016167,30.073375023627484,0.4852347755854967,16.01098730147092,31.188552718683894,4272,70,3316.0,Yes,23.49,0.87,28,68.58,Kacyiru
Rwanda,Gasabo,2017,-1.92813078755851,30.09000899088028,0.43347188168650275,16.051123856214378,32.09287514275662,4272,70,3174.0,Yes,23.49,0.87,28,68.58,Kimisagara
Rwanda,Gasabo,2017,-1.9316136517384415,30.086195431634764,0.5030414473115417,14.567643474189927,33.24644190607437,4272,70,3317.0,Yes,23.49,0.87,28,68.58,Kimironko
Rwanda,Gasabo,2017,-1.9233056200947152,30.08846375940415,0.455486364783412,14.610496419395169,30.82199205001315,4272,70,3373.0,Yes,23.49,0.87,28,68.58,Kinyinya
Rwanda,Gasabo,2017,-1.9355300948327376,30.077536402437676,0.5209458138779691,12.73611719340764,32.69733686686179,4272,70,3355.0,Yes,23.49,0.87,28,68.58,Ndera
Rwanda,Gasabo,2017,-1.923580420720835,30.078015865365874,0.5191452632401368,13.783660733189308,33.601289101385966,4272,70,3352.0,Yes,23.49,0.87,28,68.58,Nduba
Rwanda,Gasabo,2017,-1.9201803016409957,30.0723527829799,0.4890551222810692,14.968438964825747,33.64106703275409,4272,70,3365.0,Yes,23.49,0.87,28,68.58,Remera
Rwanda,Gasabo,2017,-1.9216973168202323,30.078010770309437,0.5178824495812037,16.000039165264372,30.371209605506746,4272,70,3452.0,Yes,23.49,0.87,28,68.58,Rusororo
Rwanda,Gasabo,2017,-1.9370267390493272,30.089409386565578,0.4842862410092437,13.40334805671241,31.689952777537858,4272,70,3327.0,Yes,23.49,0.87,28,68.58,Rutunga
Rwanda,Gasabo,2018,-1.923493562487145,30.088214169909207,0.2718743955131465,11.073398046158436,35.55611673706814,2933,241,14721.0,Yes,56.7,0.01,93,36.21,Bumbogo
Rwanda,Gasabo,2018,-1.920039963920368,30.086052193351804,0.27317527219706805,10.076180221701328,38.824538213915176,2933,241,15010.0,Yes,56.7,0.01,93,36.21,Gatsata
Rwanda,Gasabo,2018,-1.9213415365485926,30.078959117577913,0.2484360718031847,12.969400374882847,35.54967669299056,2933,241,15047.0,Yes,56.7,0.01,93,36.21,Gikomero
Rwanda,Gasabo,2018,-1.9228252958488419,30.084426188965583,0.21020565969472388,13.132382543440626,35.65374549126023,2933,241,14973.0,Yes,56.7,0.01,93,36.21,Gisozi
Rwanda,Gasabo,2018,-1.9315822572883554,30.082660202610704,0.28617873568416524,12.3390415762058,37.439502993876246,2933,241,15034.0,Yes,56.7,0.01,93,36.21,Jabana
Rwanda,Gasabo,2018,-1.9360204642960694,30.08677328535988,0.23799825924563636,12.511289054684008,36.24524375521943,2933,241,14730.0,Yes,56.7,0.01,93,36.21,Jali
Rwanda,Gasabo,2018,-1.9304629948978695,30.07955747906795,0.21622090991412815,13.28998369247838,39.18049277915516,2933,241,14949.0,Yes,56.7,0.01,93,36.21,Kacyiru
Rwanda,Gasabo,2018,-1.923089661092284,30.08676965442314,0.23644043023786104,10.32751064029431,35.428851940071965,2933,241,14849.0,Yes,56.7,0.01,93,36.21,Kimisagara
Rwanda,Gasabo,2018,-1.9292922556088128,30.087084606881234,0.2397253508130013,11.382298058710735,35.45921147134967,2933,241,14746.0,Yes,56.7,0.01,93,36.21,Kimironko
Rwanda,Gasabo,2018,-1.9203059713649042,30.08136722808328,0.21369447497611774,12.97748506514174,40.225626593513425,2933,241,14907.0,Yes,56.7,0.01,93,36.21,Kinyinya
Rwanda,Gasabo,2018,-1.935929771840599,30.078804847251526,0.24558703955166059,11.353261260221608,35.23943006015599,2933,241,14793.0,Yes,56.7,0.01,93,36.21,Ndera
Rwanda,Gasabo,2018,-1.9262179502002568,30.08346549825419,0.24271657755292408,11.270270105535179,38.68005620791424,2933,241,15012.0,Yes,56.7,0.01,93,36.21,Nduba
Rwanda,Gasabo,2018,-1.9382162981769324,30.08828660299226,0.2722468035189556,10.059393932845971,37.646587517479134,2933,241,14912.0,Yes,56.7,0.01,93,36.21,Remera
Rwanda,Gasabo,2018,-1.9281774074932472,30.08275533788758,0.19626874347116394,10.109277512924592,37.55090112701087,2933,241,14947.0,Yes,56.7,0.01,93,36.21,Rusororo
Rwanda,Gasabo,2018,-1.9255765815467836,30.078891228500044,0.19863879517023444,10.08131376594111,35.08678171959521,2933,241,15086.0,Yes,56.7,0.01,93,36.21,Rutunga
Rwanda,Gasabo,2019,-1.9205363234214037,30.088126195113745,0.6827649194110763,2.7151047962533714,18.766414265383666,1475,832,7405.0,No,31.98,0.51,68,52.01,Bumbogo
Rwanda,Gasabo,2019,-1.92176161791375,30.091818416459112,0.6944612137443023,4.147337174791904,15.889608285416337,1475,832,7453.0,No,31.98,0.51,68,52.01,Gatsata
Rwanda,Gasabo,2019,-1.9387306655770613,30.08374281588628,0.6817349213172587,3.020288447981494,16.444963209280246,1475,832,7380.0,No,31.98,0.51,68,52.01,Gikomero
Rwanda,Gasabo,2019,-1.9200671949755328,30.09058550980069,0.6283260890852328,2.7850883042627355,14.370685620676825,1475,832,7585.0,No,31.98,0.51,68,52.01,Gisozi
Rwanda,Gasabo,2019,-1.931088646381609,30.080179793522326,0.6286852562968156,2.7751234211054636,17.50586026584852,1475,832,7502.0,No,31.98,0.51,68,52.01,Jabana
Rwanda,Gasabo,2019,-1.9254274073525226,30.076643817609334,0.6429991804060652,3.7487544704557005,18.278385380286633,1475,832,7383.0,No,31.98,0.51,68,52.01,Jali
Rwanda,Gasabo,2019,-1.9342687177328615,30.084587709967767,0.6751838193439981,6.499124899762502,17.941569290776208,1475,832,7630.0,No,31.98,0.51,68,52.01,Kacyiru
Rwanda,Gasabo,2019,-1.9353033435220688,30.07487883894085,0.6853127441520096,4.657363919832928,15.887434203896401,1475,832,7565.0,No,31.98,0.51,68,52.01,Kimisagara
Rwanda,Gasabo,2019,-1.9319582860930853,30.075600082352373,0.6199291862080066,4.51352641838411,19.206793457812253,1475,832,7562.0,No,31.98,0.51,68,52.01,Kimironko
Rwanda,Gasabo,2019,-1.919812475610708,30.080141086552516,0.6395115621774912,4.4367885935619595,14.125915919838691,1475,832,7616.0,No,31.98,0.51,68,52.01,Kinyinya
Rwanda,Gasabo,2019,-1.9342428747162743,30.07367882891762,0.6570599260842199,6.076528284388162,15.870005802212422,1475,832,7681.0,No,31.98,0.51,68,52.01,Ndera
Rwanda,Gasabo,2019,-1.9389487406641286,30.072759638942912,0.6611153057978887,3.6414841514329273,18.23958512819096,1475,832,7381.0,No,31.98,0.51,68,52.01,Nduba
Rwanda,Gasabo,2019,-1.9302261690179312,30.091130676827888,0.6773992211872399,2.9123591028830065,14.553474699974931,1475,832,7307.0,No,31.98,0.51,68,52.01,Remera
Rwanda,Gasabo,2019,-1.9205994137227629,30.076769646040038,0.645846025710459,3.2411221931155527,16.675912619809875,1475,832,7354.0,No,31.98,0.51,68,52.01,Rusororo
Rwanda,Gasabo,2019,-1.9210249736621952,30.08850542076715,0.7005889134200187,4.597466272226333,18.507842987011994,1475,832,7348.0,No,31.98,0.51,68,52.01,Rutunga
Rwanda,Gasabo,2020,-1.932151991618748,30.08006543459148,0.8617276736954941,10.184461044125596,23.7796553567149,2935,650,14640.0,No,38.28,0.1,88,31.69,Bumbogo
Rwanda,Gasabo,2020,-1.9243161925857748,30.090142551175813,0.8139748037474156,10.480554207711027,20.474044421812803,2935,650,14538.0,No,38.28,0.1,88,31.69,Gatsata
Rwanda,Gasabo,2020,-1.9360857696551868,30.0895300257748,0.8298449123737062,10.887259479890348,21.341338993571178,2935,650,14559.0,No,38.28,0.1,88,31.69,Gikomero
Rwanda,Gasabo,2020,-1.9307598540540367,30.090671674974004,0.7978014457502223,12.745819344090643,19.308251061042274,2935,650,14435.0,No,38.28,0.1,88,31.69,Gisozi
Rwanda,Gasabo,2020,-1.9286025772039088,30.073460780120396,0.8852336662246286,11.358857149697464,19.812608637943974,2935,650,14724.0,No,38.28,0.1,88,31.69,Jabana
Rwanda,Gasabo,2020,-1.9197726249636442,30.07592955108555,0.839571141092929,12.846296916637918,24.295638280007452,2935,650,14456.0,No,38.28,0.1,88,31.69,Jali
Rwanda,Gasabo,2020,-1.9250114208986262,30.079661480587216,0.8526855168020469,9.368565024659873,23.1502892174323,2935,650,14450.0,No,38.28,0.1,88,31.69,Kacyiru
Rwanda,Gasabo,2020,-1.9216121405591118,30.09189298883105,0.8064122607510245,10.006208136181852,18.910221691743892,2935,650,14699.0,No,38.28,0.1,88,31.69,Kimisagara
Rwanda,Gasabo,2020,-1.9252221928452233,30.075241697186314,0.8212494372567872,12.507111823961946,24.501217801889524,2935,650,14473.0,No,38.28,0.1,88,31.69,Kimironko
Rwanda,Gasabo,2020,-1.9198150972053751,30.091787038673353,0.8083290532737879,10.71891599319816,19.239743321168156,2935,650,14631.0,No,38.28,0.1,88,31.69,Kinyinya
Rwanda,Gasabo,2020,-1.9331132524488164,30.087876377176745,0.813102631473483,12.029151151105316,24.369576759125124,2935,650,14691.0,No,38.28,0.1,88,31.69,Ndera
Rwanda,Gasabo,2020,-1.9360638899070066,30.091759235618724,0.8598394980896736,12.335087770290837,22.812472524834277,2935,650,14389.0,No,38.28,0.1,88,31.69,Nduba
Rwanda,Gasabo,2020,-1.9333037970034657,30.090520774734905,0.8684044877495383,11.570346099351415,23.936663065310782,2935,650,14389.0,No,38.28,0.1,88,31.69,Remera
Rwanda,Gasabo,2020,-1.93905497655297,30.073335174771337,0.8627494691810704,12.71157265120111,23.54215901143769,2935,650,14531.0,No,38.28,0.1,88,31.69,Rusororo
Rwanda,Gasabo,2020,-1.9325987029986647,30.075408379395384,0.8386953539871032,9.88673024287451,22.60600819599966,2935,650,14520.0,No,38.28,0.1,88,31.69,Rutunga
Rwanda,Gasabo,2021,-1.9205764519534698,30.083641840987045,0.7524611354482181,9.665246315862182,35.898950016304305,534,255,6463.0,Yes,65.32,0.43,58,59.2,Bumbogo
Rwanda,Gasabo,2021,-1.9289087675424095,30.08440154044013,0.734024342601784,12.199268972542743,34.28273185499453,534,255,6663.0,Yes,65.32,0.43,58,59.2,Gatsata
Rwanda,Gasabo,2021,-1.9244410066452278,30.0914070755393,0.746716946854632,10.516388487079936,32.30168784631477,534,255,6728.0,Yes,65.32,0.43,58,59.2,Gikomero
Rwanda,Gasabo,2021,-1.926012121572215,30.08021397332205,0.6733723831334327,8.989655553398629,31.785238485619892,534,255,6475.0,Yes,65.32,0.43,58,59.2,Gisozi
Rwanda,Gasabo,2021,-1.9238604677256808,30.08861952990473,0.7571190607129652,11.32885904833704,35.84815179786924,534,255,6566.0,Yes,65.32,0.43,58,59.2,Jabana
Rwanda,Gasabo,2021,-1.9347757416588616,30.078616915208734,0.7149106837188632,11.73638700209571,34.96580143149828,534,255,6715.0,Yes,65.32,0.43,58,59.2,Jali
Rwanda,Gasabo,2021,-1.923424231000896,30.085181128567754,0.6730223715718003,12.201802781283936,35.25839705499383,534,255,6670.0,Yes,65.32,0.43,58,59.2,Kacyiru
Rwanda,Gasabo,2021,-1.9322515441857686,30.078869527383393,0.6700127115009227,10.776132782131306,36.74613770719533,534,255,6764.0,Yes,65.32,0.43,58,59.2,Kimisagara
Rwanda,Gasabo,2021,-1.9204376759485073,30.077563608022786,0.7529845379205917,8.472247289863073,35.454363185572596,534,255,6727.0,Yes,65.32,0.43,58,59.2,Kimironko
Rwanda,Gasabo,2021,-1.9303534488189333,30.07279728686933,0.6694772154292298,9.079067681281092,32.232146066374774,534,255,6736.0,Yes,65.32,0.43,58,59.2,Kinyinya
Rwanda,Gasabo,2021,-1.9229947043673101,30.0858297206038,0.7514968966598358,11.623266749541962,32.74695247205677,534,255,6648.0,Yes,65.32,0.43,58,59.2,Ndera
Rwanda,Gasabo,2021,-1.9365716675807711,30.086975982457094,0.7518493405236768,9.653203511788583,34.06146700241463,534,255,6659.0,Yes,65.32,0.43,58,59.2,Nduba
Rwanda,Gasabo,2021,-1.936471537490567,30.081682290769372,0.6927848040504462,12.292940929225823,32.670611040711194,534,255,6522.0,Yes,65.32,0.43,58,59.2,Remera
Rwanda,Gasabo,2021,-1.927034541466384,30.07833377599046,0.7551524967022955,12.073360625500506,35.0582089034252,534,255,6745.0,Yes,65.32,0.43,58,59.2,Rusororo
Rwanda,Gasabo,2021,-1.928098822232701,30.080962669679362,0.7257208122204369,8.35405522781069,36.86075082636269,534,255,6519.0,Yes,65.32,0.43,58,59.2,Rutunga
Rwanda,Gasabo,2022,-1.9217025102014007,30.07936171585119,0.3287509654902241,13.133101866500578,33.12927152423554,661,251,13491.0,Yes,75.31,0.09,91,56.88,Bumbogo
Rwanda,Gasabo,2022,-1.931961045245798,30.07719214596026,0.2920625759608591,12.810249585336173,32.63509618193795,661,251,13371.0,Yes,75.31,0.09,91,56.88,Gatsata
Rwanda,Gasabo,2022,-1.9380350911639341,30.081507657896285,0.35934002037145263,13.86805535355101,31.35662136277176,661,251,13675.0,Yes,75.31,0.09,91,56.88,Gikomero
Rwanda,Gasabo,2022,-1.9357699002552768,30.07924447449643,0.31655125012122914,14.583006575894672,29.62902734302679,661,251,13358.0,Yes,75.31,0.09,91,56.88,Gisozi
Rwanda,Gasabo,2022,-1.9219538572224086,30.089964701754525,0.389745677394458,12.877276808241923,34.25164656962574,661,251,13555.0,Yes,75.31,0.09,91,56.88,Jabana
Rwanda,Gasabo,2022,-1.9287084647795487,30.087672251041205,0.2905725333980164,15.299122962479286,31.557365787683974,661,251,13696.0,Yes,75.31,0.09,91,56.88,Jali
Rwanda,Gasabo,2022,-1.9298533286997115,30.091458409226814,0.3084988314590406,16.323743681497934,30.510808012750342,661,251,13428.0,Yes,75.31,0.09,91,56.88,Kacyiru
Rwanda,Gasabo,2022,-1.9308114807539138,30.091696351082227,0.3168935743751474,14.303861177348288,31.925397392028874,661,251,13355.0,Yes,75.31,0.09,91,56.88,Kimisagara
Rwanda,Gasabo,2022,-1.9284459697055663,30.085481871314762,0.36117534366619175,14.844039369104712,31.46783341777362,661,251,13587.0,Yes,75.31,0.09,91,56.88,Kimironko
Rwanda,Gasabo,2022,-1.9391029153116603,30.09094617904363,0.3434554610856934,14.519515729904994,33.29356680692122,661,251,13484.0,Yes,75.31,0.09,91,56.88,Kinyinya
Rwanda,Gasabo,2022,-1.9194627613542927,30.090394584738902,0.3669510961706206,14.02609877907078,29.92745186996722,661,251,13740.0,Yes,75.31,0.09,91,56.88,Ndera
Rwanda,Gasabo,2022,-1.9247140792330921,30.08113428853977,0.35849522247661336,13.494156226205025,32.65039157099658,661,251,13662.0,Yes,75.31,0.09,91,56.88,Nduba
Rwanda,Gasabo,2022,-1.9348319456970233,30.083212824826187,0.3315477237495104,13.05905695930938,35.0088332345822,661,251,13442.0,Yes,75.31,0.09,91,56.88,Remera
Rwanda,Gasabo,2022,-1.937738589366033,30.075120024628106,0.3637727679281279,13.41923494531754,35.27710055836256,661,251,13458.0,Yes,75.31,0.09,91,56.88,Rusororo
Rwanda,Gasabo,2022,-1.939249421436963,30.090785336129716,0.37896178827686955,14.468443296062114,35.54590434261651,661,251,13579.0,Yes,75.31,0.09,91,56.88,Rutunga
Rwanda,Gasabo,2023,-1.9322854127037674,30.075097955476764,0.8793666404361927,12.851414585053671,28.94332571757363,1378,102,9181.0,No,56.42,0.28,33,82.2,Bumbogo
Rwanda,Gasabo,2023,-1.9201316932985453,30.076796006159277,0.8794751658265725,13.99287641544675,31.202982277153886,1378,102,9112.0,No,56.42,0.28,33,82.2,Gatsata
Rwanda,Gasabo,2023,-1.9389130928322018,30.08434277949035,0.8783222850605118,11.829638980312321,33.949414375392266,1378,102,9441.0,No,56.42,0.28,33,82.2,Gikomero
Rwanda,Gasabo,2023,-1.9264679324434149,30.08837658853759,0.8734288504199386,12.49552677119123,32.10840526063572,1378,102,9322.0,No,56.42,0.28,33,82.2,Gisozi
Rwanda,Gasabo,2023,-1.9322075909787402,30.073943430289923,0.9633945132298363,14.137124191549288,31.67133527045389,1378,102,9224.0,No,56.42,0.28,33,82.2,Jabana
Rwanda,Gasabo,2023,-1.9322685443335499,30.087906181210275,0.9351712079610018,11.19989773132542,28.926769917249864,1378,102,9269.0,No,56.42,0.28,33,82.2,Jali
Rwanda,Gasabo,2023,-1.9254070541781159,30.08460233104135,0.9432872570143076,15.019075980824004,33.44774430941507,1378,102,9173.0,No,56.42,0.28,33,82.2,Kacyiru
Rwanda,Gasabo,2023,-1.9222881302609678,30.084974746843248,0.887461246879216,14.041578583398158,31.417541887074783,1378,102,9253.0,No,56.42,0.28,33,82.2,Kimisagara
Rwanda,Gasabo,2023,-1.9365354581764476,30.082638952564164,0.8806539702721387,13.127277402688204,34.117411346765124,1378,102,9271.0,No,56.42,0.28,33,82.2,Kimironko
Rwanda,Gasabo,2023,-1.9391186820971498,30.079984635799658,0.8895813338280556,14.352140230239996,33.145066817404036,1378,102,9392.0,No,56.42,0.28,33,82.2,Kinyinya
Rwanda,Gasabo,2023,-1.9341774772312728,30.076462403027854,0.8789992365176417,12.289956228803552,29.9276155984144,1378,102,9398.0,No,56.42,0.28,33,82.2,Ndera
Rwanda,Gasabo,2023,-1.9287579895896536,30.075036843621103,0.8988505955848433,14.050056282312335,28.94754180726091,1378,102,9420.0,No,56.42,0.28,33,82.2,Nduba
Rwanda,Gasabo,2023,-1.9243777564709985,30.090424234349005,0.8834696973012591,11.15976188455347,28.699511715175387,1378,102,9410.0,No,56.42,0.28,33,82.2,Remera
Rwanda,Gasabo,2023,-1.928339870116958,30.087748440703642,0.9565880481772102,11.804816230505986,30.68385790307887,1378,102,9424.0,No,56.42,0.28,33,82.2,Rusororo
Rwanda,Gasabo,2023,-1.9251122103564637,30.09122430043016,0.8880804295172884,13.973843220175333,32.692990011165236,1378,102,9222.0,No,56.42,0.28,33,82.2,Rutunga
Rwanda,Kicukiro,2017,-2.004335177785554,30.13159619743078,0.2948521130810476,13.257331427702818,30.05834781808144,2527,697,1377.0,No,62.41,0.73,37,64.54,Gahanga
Rwanda,Kicukiro,2017,-1.9997878382232392,30.124808619705224,0.2777152930301128,16.730358689878724,33.76456544855564,2527,697,1196.0,No,62.41,0.73,37,64.54,Gatenga
Rwanda,Kicukiro,2017,-1.9988358958026822,30.13586798171979,0.24998170092688873,15.89564346120299,34.89249627468563,2527,697,1406.0,No,62.41,0.73,37,64.54,Gikondo
Rwanda,Kicukiro,2017,-1.9926442524008559,30.12487609489631,0.21317902413745016,16.689775861635383,34.741588629530426,2527,697,1092.0,No,62.41,0.73,37,64.54,Kanombe
Rwanda,Kicukiro,2017,-2.0035262038563526,30.126909759343285,0.22564563233110074,16.434706003648643,30.575789208353413,2527,697,1334.0,No,62.41,0.73,37,64.54,Kagarama
Rwanda,Kicukiro,2017,-1.9984761761041263,30.132677873948396,0.2823238877213865,13.586991377508921,33.91186232115953,2527,697,1453.0,No,62.41,0.73,37,64.54,Niboye
Rwanda,Kicukiro,2017,-2.003685532319108,30.130970368857678,0.2771231380465647,14.624576595130314,31.720336909481237,2527,697,1119.0,No,62.41,0.73,37,64.54,Kigarama
Rwanda,Kicukiro,2017,-1.9961416575184592,30.12857328923818,0.2780292716087277,14.937906186757385,34.422591201262755,2527,697,1086.0,No,62.41,0.73,37,64.54,Kicukiro
Rwanda,Kicukiro,2017,-1.9921179744983954,30.127678853475032,0.22642667851744203,15.832625585797281,35.01292604744794,2527,697,1441.0,No,62.41,0.73,37,64.54,Masaka
Rwanda,Kicukiro,2017,-2.0033295226148753,30.13072438577935,0.24844414584236976,14.691965052138222,33.77815266718008,2527,697,1177.0,No,62.41,0.73,37,64.54,Nyarugunga
Rwanda,Kicukiro,2018,-1.9938454178141127,30.13819008080273,0.8912414477822066,9.528555600596327,38.39225696629558,700,889,7531.0,Yes,42.25,0.67,41,75.66,Gahanga
Rwanda,Kicukiro,2018,-1.9951121516344594,30.122676933536564,0.9361644453401126,11.999156710163701,36.715780709788895,700,889,7375.0,Yes,42.25,0.67,41,75.66,Gatenga
Rwanda,Kicukiro,2018,-1.9971188660037134,30.134377337528758,0.8820400350126752,11.08545667809224,38.976255065169745,700,889,7465.0,Yes,42.25,0.67,41,75.66,Gikondo
Rwanda,Kicukiro,2018,-2.000186190520178,30.121284930032722,0.8686915880408231,12.64482256757759,37.981517845539656,700,889,7254.0,Yes,42.25,0.67,41,75.66,Kanombe
Rwanda,Kicukiro,2018,-1.998480223558378,30.11896580619342,0.9186235848597148,10.34200797534852,34.29880361953973,700,889,7329.0,Yes,42.25,0.67,41,75.66,Kagarama
Rwanda,Kicukiro,2018,-2.006832695705623,30.121942384981082,0.8661957870641148,11.160280868561667,39.01573651522979,700,889,7505.0,Yes,42.25,0.67,41,75.66,Niboye
Rwanda,Kicukiro,2018,-1.9892839061250323,30.132766183682016,0.9199008341063378,9.468709375739133,38.2372581531737,700,889,7479.0,Yes,42.25,0.67,41,75.66,Kigarama
Rwanda,Kicukiro,2018,-2.006683046359076,30.12410016732342,0.9399256928155396,11.958918501577287,37.75788907033565,700,889,7262.0,Yes,42.25,0.67,41,75.66,Kicukiro
Rwanda,Kicukiro,2018,-1.9925407277458704,30.123096628814565,0.8789769883804154,9.096389570057765,34.979980564094205,700,889,7581.0,Yes,42.25,0.67,41,75.66,Masaka
Rwanda,Kicukiro,2018,-2.0005815703237917,30.13624368224963,0.9030175269935248,11.750273799264832,36.21706630849348,700,889,7455.0,Yes,42.25,0.67,41,75.66,Nyarugunga
Rwanda,Kicukiro,2019,-2.0058724345800036,30.121185715523463,0.7030568616312901,12.136743077490488,22.471334522929208,3190,818,11047.0,Yes,35.36,0.04,83,48.48,Gahanga
Rwanda,Kicukiro,2019,-1.9901358652997219,30.121268679477737,0.7249523696556651,11.821490447538498,22.534830661348376,3190,818,11300.0,Yes,35.36,0.04,83,48.48,Gatenga
Rwanda,Kicukiro,2019,-1.9901289449980628,30.11953178300535,0.658978530200734,11.707596217252187,21.86566993390823,3190,818,11238.0,Yes,35.36,0.04,83,48.48,Gikondo
Rwanda,Kicukiro,2019,-1.9988418375706662,30.133078964963588,0.653694345111652,14.324595071795873,24.223033009398932,3190,818,11281.0,Yes,35.36,0.04,83,48.48,Kanombe
Rwanda,Kicukiro,2019,-1.9980189602022018,30.138298458894475,0.702591517391798,14.380963254067257,20.398182702248064,3190,818,11221.0,Yes,35.36,0.04,83,48.48,Kagarama
Rwanda,Kicukiro,2019,-2.001299763587586,30.12606325820528,0.7053112954036992,14.431970096102052,24.00985041023489,3190,818,11148.0,Yes,35.36,0.04,83,48.48,Niboye
Rwanda,Kicukiro,2019,-1.9949626545780075,30.13235098916861,0.7199895093162271,14.432647002225677,25.552353640466592,3190,818,11097.0,Yes,35.36,0.04,83,48.48,Kigarama
Rwanda,Kicukiro,2019,-2.000026091967061,30.126972900738306,0.6437410408144025,12.152935185977938,24.41052454297515,3190,818,11282.0,Yes,35.36,0.04,83,48.48,Kicukiro
Rwanda,Kicukiro,2019,-2.0027186624887108,30.137784420849236,0.6655969364429635,11.991453496981833,21.39465282608711,3190,818,11274.0,Yes,35.36,0.04,83,48.48,Masaka
Rwanda,Kicukiro,2019,-2.004015364816842,30.12340740825054,0.6898953450737741,11.962086105122134,20.119229154455773,3190,818,11192.0,Yes,35.36,0.04,83,48.48,Nyarugunga
Rwanda,Kicukiro,2020,-1.988401985514486,30.120048310213758,0.2555007773484728,5.750819245352166,10.395578054966936,3290,290,5422.0,Yes,74.45,0.25,19,78.0,Gahanga
Rwanda,Kicukiro,2020,-2.0045938215572394,30.12590201951589,0.2146855314860575,4.099339357496444,7.695310746423075,3290,290,5455.0,Yes,74.45,0.25,19,78.0,Gatenga
Rwanda,Kicukiro,2020,-2.0051326553822535,30.135746807562807,0.1851756494324049,6.046531694690014,6.722210927378246,3290,290,5585.0,Yes,74.45,0.25,19,78.0,Gikondo
Rwanda,Kicukiro,2020,-1.9984168665537434,30.128568898766265,0.18566577077143656,4.0471074113474685,10.192206685367168,3290,290,5585.0,Yes,74.45,0.25,19,78.0,Kanombe
Rwanda,Kicukiro,2020,-2.001604394939283,30.12041820255913,0.21350371980579,6.072523550016784,10.68197834243652,3290,290,5714.0,Yes,74.45,0.25,19,78.0,Kagarama
Rwanda,Kicukiro,2020,-1.9963165966054244,30.125568731858216,0.17684070369578297,4.534001223104754,7.114753009284185,3290,290,5666.0,Yes,74.45,0.25,19,78.0,Niboye
Rwanda,Kicukiro,2020,-2.0074177487615623,30.13424379722383,0.20957701237005788,5.599631292976962,9.238519983794658,3290,290,5527.0,Yes,74.45,0.25,19,78.0,Kigarama
Rwanda,Kicukiro,2020,-2.00090960706026,30.137313206362595,0.26747891933230333,5.551505418348472,10.539108456743332,3290,290,5617.0,Yes,74.45,0.25,19,78.0,Kicukiro
Rwanda,Kicukiro,2020,-1.9889192388565506,30.11872118282646,0.26348821472528206,4.685956051434143,7.331966546799955,3290,290,5403.0,Yes,74.45,0.25,19,78.0,Masaka
Rwanda,Kicukiro,2020,-2.0065220467961615,30.129741038692245,0.18525769147260945,2.369158496281269,7.368250757343454,3290,290,5607.0,Yes,74.45,0.25,19,78.0,Nyarugunga
Rwanda,Kicukiro,2021,-1.9926092185068407,30.1335174770071,0.4073437088635944,2.166521464521179,16.401652873295077,3657,845,13836.0,No,58.0,0.87,32,29.66,Gahanga
Rwanda,Kicukiro,2021,-1.995282746362237,30.120369137050332,0.37823449713133994,4.143412051798409,16.721275952982996,3657,845,13925.0,No,58.0,0.87,32,29.66,Gatenga
Rwanda,Kicukiro,2021,-1.9904285588955422,30.12288938098284,0.3264251566908188,2.6440467681502873,18.73866072420394,3657,845,14111.0,No,58.0,0.87,32,29.66,Gikondo
Rwanda,Kicukiro,2021,-2.007812555352535,30.132963353054148,0.4064485405441769,4.971977913508736,19.07443006195012,3657,845,13942.0,No,58.0,0.87,32,29.66,Kanombe
Rwanda,Kicukiro,2021,-2.0055423465113433,30.13348732534755,0.3394912387953009,3.3305471250454177,17.79120692752269,3657,845,14200.0,No,58.0,0.87,32,29.66,Kagarama
Rwanda,Kicukiro,2021,-2.00688488320149,30.127987017207715,0.35136447942546184,4.1810281370991,15.589219456537565,3657,845,14209.0,No,58.0,0.87,32,29.66,Niboye
Rwanda,Kicukiro,2021,-2.003971611724667,30.12606472909312,0.3933026823904851,3.687921036144159,15.08987345551377,3657,845,14001.0,No,58.0,0.87,32,29.66,Kigarama
Rwanda,Kicukiro,2021,-1.994248757468906,30.121815462811156,0.3257643742830941,5.4551142686644685,14.604087510034196,3657,845,13987.0,No,58.0,0.87,32,29.66,Kicukiro
Rwanda,Kicukiro,2021,-1.9937208007561742,30.122953524101792,0.32261054231249575,5.681881230907447,18.88507071092613,3657,845,14004.0,No,58.0,0.87,32,29.66,Masaka
Rwanda,Kicukiro,2021,-2.001713723711507,30.133692955368094,0.3277077067650127,5.407971643224228,16.082158469109473,3657,845,14172.0,No,58.0,0.87,32,29.66,Nyarugunga
Rwanda,Kicukiro,2022,-2.000758456213445,30.12170595770298,0.4625338777059427,15.238028877624831,16.259437718984476,2538,397,6157.0,No,36.33,0.65,81,87.47,Gahanga
Rwanda,Kicukiro,2022,-2.0014760745772002,30.122314555290004,0.5025300065987011,11.804255236943082,18.46081714345333,2538,397,6277.0,No,36.33,0.65,81,87.47,Gatenga
Rwanda,Kicukiro,2022,-2.002560630030304,30.131372862559513,0.5158522793372784,14.862431508176211,17.638487089472417,2538,397,6274.0,No,36.33,0.65,81,87.47,Gikondo
Rwanda,Kicukiro,2022,-1.9932544933388023,30.128219636659576,0.5137455313819016,15.117172339583226,16.056667304064227,2538,397,6075.0,No,36.33,0.65,81,87.47,Kanombe
Rwanda,Kicukiro,2022,-1.9939276186526529,30.130412149455793,0.524633141094612,12.53754981162521,17.840412341799606,2538,397,6150.0,No,36.33,0.65,81,87.47,Kagarama
Rwanda,Kicukiro,2022,-1.9938535189170064,30.12446835618595,0.5196461144210857,15.34478548470681,15.711255939961642,2538,397,6117.0,No,36.33,0.65,81,87.47,Niboye
Rwanda,Kicukiro,2022,-1.9978205114096796,30.123477899318786,0.5214054325577366,13.609301161753363,18.204148902847276,2538,397,5917.0,No,36.33,0.65,81,87.47,Kigarama
Rwanda,Kicukiro,2022,-1.9929390939837524,30.132574738407957,0.4651587625870622,13.011482427377048,19.85987704087623,2538,397,6232.0,No,36.33,0.65,81,87.47,Kicukiro
Rwanda,Kicukiro,2022,-1.9995045349211424,30.123527190395222,0.47977651421881273,12.30525580896374,17.08171501600297,2538,397,6262.0,No,36.33,0.65,81,87.47,Masaka
Rwanda,Kicukiro,2022,-1.9992834569552085,30.131231856827963,0.5399766769921539,14.100834206873913,16.11765979342225,2538,397,6015.0,No,36.33,0.65,81,87.47,Nyarugunga
Rwanda,Kicukiro,2023,-1.9902805902721272,30.12463191507949,0.2227654342178338,8.073927797287345,20.826867744736546,4248,274,3026.0,Yes,76.57,0.32,92,73.27,Gahanga
Rwanda,Kicukiro,2023,-2.0033975108292443,30.127890745577368,0.21054622497829578,7.636052252932583,20.27500794841881,4248,274,2978.0,Yes,76.57,0.32,92,73.27,Gatenga
Rwanda,Kicukiro,2023,-1.997042879908005,30.138152099432343,0.25647032287961186,7.269391842713791,22.41649842762039,4248,274,2665.0,Yes,76.57,0.32,92,73.27,Gikondo
Rwanda,Kicukiro,2023,-2.0049646046363367,30.12927670501071,0.16732777289134831,9.759081460595585,21.465913775343378,4248,274,2997.0,Yes,76.57,0.32,92,73.27,Kanombe
Rwanda,Kicukiro,2023,-1.9891639572978117,30.126894146714058,0.2570678959393781,10.72192145743299,20.504313296902517,4248,274,2710.0,Yes,76.57,0.32,92,73.27,Kagarama
Rwanda,Kicukiro,2023,-1.997860906947829,30.128274538614395,0.2576144313455221,10.211232470524939,22.3184974515049,4248,274,2892.0,Yes,76.57,0.32,92,73.27,Niboye
Rwanda,Kicukiro,2023,-1.9915549838385833,30.136841168086644,0.22536035688978057,11.032446065247733,20.936246098934618,4248,274,2948.0,Yes,76.57,0.32,92,73.27,Kigarama
Rwanda,Kicukiro,2023,-2.002435386656005,30.123144795756115,0.16219215741040507,9.765975608348592,18.502145970867986,4248,274,2733.0,Yes,76.57,0.32,92,73.27,Kicukiro
Rwanda,Kicukiro,2023,-1.9942158067764544,30.11904967348327,0.23356842552250057,10.13875081963426,23.73769397022927,4248,274,2945.0,Yes,76.57,0.32,92,73.27,Masaka
Rwanda,Kicukiro,2023,-1.9918128000144264,30.136270033660175,0.19670136905102026,7.576808840502458,21.90402744637299,4248,274,2868.0,Yes,76.57,0.32,92,73.27,Nyarugunga
Rwanda,Nyarugenge,2017,-1.9438278675842715,30.057194333264512,0.46997668637740597,13.660763663156986,36.40809479749783,4081,856,8117.0,Yes,37.09,0.04,6,55.24,Gitega
Rwanda,Nyarugenge,2017,-1.9356298561921341,30.052942689036808,0.46497785935374036,14.606395773568408,39.80627485903153,4081,856,8124.0,Yes,37.09,0.04,6,55.24,Kanyinya
Rwanda,Nyarugenge,2017,-1.9380667664141618,30.054259091455663,0.4990479095999888,15.054795263759827,38.96593950278452,4081,856,8090.0,Yes,37.09,0.04,6,55.24,Kigali
Rwanda,Nyarugenge,2017,-1.935082710407093,30.05475953695577,0.47846320607529147,15.404906525963073,41.57770400295293,4081,856,7931.0,Yes,37.09,0.04,6,55.24,Kimisagara
Rwanda,Nyarugenge,2017,-1.9539961256904868,30.060913289574614,0.4352482659397145,16.482241254895232,37.197179300435984,4081,856,7925.0,Yes,37.09,0.04,6,55.24,Mageragere
Rwanda,Nyarugenge,2017,-1.9390396754546555,30.054357460808024,0.43232490906239485,14.66304166278344,35.82835096780785,4081,856,8026.0,Yes,37.09,0.04,6,55.24,Muhima
Rwanda,Nyarugenge,2017,-1.9392102012476207,30.065740107425484,0.4274097154806321,15.680959875110734,40.873315835333955,4081,856,8201.0,Yes,37.09,0.04,6,55.24,Nyakabanda
Rwanda,Nyarugenge,2017,-1.9368311052901628,30.06365933374583,0.4282217877390916,14.714204960477433,35.76708354312113,4081,856,8022.0,Yes,37.09,0.04,6,55.24,Nyamirambo
Rwanda,Nyarugenge,2017,-1.9381169063821595,30.06863634459623,0.45977242162758547,14.9023674260578,40.49737093975448,4081,856,8147.0,Yes,37.09,0.04,6,55.24,Nyarugenge
Rwanda,Nyarugenge,2017,-1.947845078679686,30.062190713379525,0.4909352777240593,13.205339161727895,36.41741163664255,4081,856,8233.0,Yes,37.09,0.04,6,55.24,Rwezamenyo
Rwanda,Nyarugenge,2018,-1.9441684171922673,30.063662779710675,0.19525912164016346,5.265175432313934,35.218720233096796,3974,687,3362.0,Yes,79.14,0.24,72,17.28,Gitega
Rwanda,Nyarugenge,2018,-1.947327280551518,30.05204940847513,0.24977341396166586,6.880141772822148,37.74438785207766,3974,687,3046.0,Yes,79.14,0.24,72,17.28,Kanyinya
Rwanda,Nyarugenge,2018,-1.9540562915270203,30.05896352560073,0.2089277965858335,6.652804559469644,34.7221987527413,3974,687,3270.0,Yes,79.14,0.24,72,17.28,Kigali
Rwanda,Nyarugenge,2018,-1.9466031681802867,30.06051445694993,0.26282704808689744,6.850237257435496,38.21790844031022,3974,687,3112.0,Yes,79.14,0.24,72,17.28,Kimisagara
Rwanda,Nyarugenge,2018,-1.939490675098883,30.057095579476073,0.21636493718416352,8.106049519337338,34.051957928802764,3974,687,3339.0,Yes,79.14,0.24,72,17.28,Mageragere
Rwanda,Nyarugenge,2018,-1.9430769402796289,30.06323139293636,0.2365959402004857,6.994411518243123,39.8785326907977,3974,687,3212.0,Yes,79.14,0.24,72,17.28,Muhima
Rwanda,Nyarugenge,2018,-1.9368043820751963,30.052817038952753,0.21359688752650285,4.679436523394616,34.96505254979607,3974,687,3017.0,Yes,79.14,0.24,72,17.28,Nyakabanda
Rwanda,Nyarugenge,2018,-1.9489747508937232,30.071653563076296,0.2815876569703848,6.016916378250405,35.59186547358029,3974,687,3370.0,Yes,79.14,0.24,72,17.28,Nyamirambo
Rwanda,Nyarugenge,2018,-1.9385040030424823,30.070373614098862,0.2579608673870946,4.782277027534349,35.15161604336982,3974,687,3263.0,Yes,79.14,0.24,72,17.28,Nyarugenge
Rwanda,Nyarugenge,2018,-1.9384376451640568,30.071175387264645,0.23301959326682253,6.702071406878524,38.391534706097445,3974,687,3023.0,Yes,79.14,0.24,72,17.28,Rwezamenyo
Rwanda,Nyarugenge,2019,-1.9481763787757076,30.05570370289946,0.5203346428405414,7.120863490357096,33.28242940254359,3431,659,9895.0,Yes,25.42,0.84,63,26.79,Gitega
Rwanda,Nyarugenge,2019,-1.9374102913511764,30.064364902447384,0.4684562939534925,7.156250815004816,32.445073492300466,3431,659,9925.0,Yes,25.42,0.84,63,26.79,Kanyinya
Rwanda,Nyarugenge,2019,-1.9479337655078448,30.05514587738207,0.44194481038643196,5.85963915721198,30.75252237544676,3431,659,9862.0,Yes,25.42,0.84,63,26.79,Kigali
Rwanda,Nyarugenge,2019,-1.9444696358852018,30.069917926427692,0.44069659089042734,6.955713240974763,35.671392325271356,3431,659,9813.0,Yes,25.42,0.84,63,26.79,Kimisagara
Rwanda,Nyarugenge,2019,-1.9362412731040448,30.06217253473731,0.46669279982410183,6.867611503865043,35.15974565288126,3431,659,9844.0,Yes,25.42,0.84,63,26.79,Mageragere
Rwanda,Nyarugenge,2019,-1.9357043328388006,30.06463991476434,0.4575853943219003,5.302391487685943,32.327031195149715,3431,659,10055.0,Yes,25.42,0.84,63,26.79,Muhima
Rwanda,Nyarugenge,2019,-1.9350478680675418,30.069478013596108,0.43264436487480185,4.515573072218839,35.557928657683874,3431,659,9895.0,Yes,25.42,0.84,63,26.79,Nyakabanda
Rwanda,Nyarugenge,2019,-1.9520696193917733,30.059184406133866,0.5127593592490022,6.292852729972175,33.53329810236138,3431,659,9803.0,Yes,25.42,0.84,63,26.79,Nyamirambo
Rwanda,Nyarugenge,2019,-1.9513418424823334,30.06215630335504,0.4866858529560117,7.702084852614887,30.829749435288676,3431,659,9874.0,Yes,25.42,0.84,63,26.79,Nyarugenge
Rwanda,Nyarugenge,2019,-1.9519945160455303,30.053964150345315,0.4935918484836225,7.574504907578164,32.711845015480286,3431,659,9802.0,Yes,25.42,0.84,63,26.79,Rwezamenyo
Rwanda,Nyarugenge,2020,-1.9418811886170202,30.056124289565016,0.18768176113652918,9.112864229119438,32.041823655583244,1869,560,4323.0,Yes,30.46,0.69,43,94.31,Gitega
Rwanda,Nyarugenge,2020,-1.9429147770214754,30.05652689006076,0.23153279935130772,8.862663978139338,31.29381317192408,1869,560,4439.0,Yes,30.46,0.69,43,94.31,Kanyinya
Rwanda,Nyarugenge,2020,-1.9530079943950367,30.05241733333499,0.19593414878839327,9.876118491536184,28.063135665523955,1869,560,4153.0,Yes,30.46,0.69,43,94.31,Kigali
Rwanda,Nyarugenge,2020,-1.936907596221999,30.06460679284736,0.18272729144046576,11.293393298270807,31.07960538524718,1869,560,4385.0,Yes,30.46,0.69,43,94.31,Kimisagara
Rwanda,Nyarugenge,2020,-1.9476781195852126,30.05725974698155,0.20160752941357551,10.045887572145531,28.677861851839108,1869,560,4310.0,Yes,30.46,0.69,43,94.31,Mageragere
Rwanda,Nyarugenge,2020,-1.9452956630848013,30.064627784828378,0.18628460869682265,8.502003400555386,28.10280641243885,1869,560,4415.0,Yes,30.46,0.69,43,94.31,Muhima
Rwanda,Nyarugenge,2020,-1.941625372470349,30.060079317031054,0.26244370754210244,8.395870226968317,29.130647624266437,1869,560,4447.0,Yes,30.46,0.69,43,94.31,Nyakabanda
Rwanda,Nyarugenge,2020,-1.9397095465449037,30.0697216060437,0.22998858354656612,10.42593355193562,30.075169400331745,1869,560,4257.0,Yes,30.46,0.69,43,94.31,Nyamirambo
Rwanda,Nyarugenge,2020,-1.9397026763906298,30.063776763395484,0.21906377029021418,8.265904776474038,30.64972463194464,1869,560,4383.0,Yes,30.46,0.69,43,94.31,Nyarugenge
Rwanda,Nyarugenge,2020,-1.9370748147184351,30.069521825593853,0.2000969540144171,8.417466473107254,26.458033624516986,1869,560,4258.0,Yes,30.46,0.69,43,94.31,Rwezamenyo
Rwanda,Nyarugenge,2021,-1.9405861346089728,30.06440916748253,0.303636468806961,8.18272983659613,8.429400789756688,4561,347,4569.0,Yes,69.03,0.56,64,33.47,Gitega
Rwanda,Nyarugenge,2021,-1.9402833814406568,30.053520843046886,0.30322344792803885,5.833845194816502,8.689653055851608,4561,347,4623.0,Yes,69.03,0.56,64,33.47,Kanyinya
Rwanda,Nyarugenge,2021,-1.9359107763710806,30.062352195196773,0.30753393737711576,6.861759515055432,9.62300961998433,4561,347,4656.0,Yes,69.03,0.56,64,33.47,Kigali
Rwanda,Nyarugenge,2021,-1.938376792035674,30.055873375653672,0.2819776158135502,6.794820018786861,8.687916257265226,4561,347,4596.0,Yes,69.03,0.56,64,33.47,Kimisagara
Rwanda,Nyarugenge,2021,-1.9407314611396709,30.054805637925643,0.2717332465485325,6.8845619925314265,10.646360563326402,4561,347,4560.0,Yes,69.03,0.56,64,33.47,Mageragere
Rwanda,Nyarugenge,2021,-1.9351788609905167,30.054586833734977,0.33639548841659994,8.305330064707654,9.913231000269347,4561,347,4588.0,Yes,69.03,0.56,64,33.47,Muhima
Rwanda,Nyarugenge,2021,-1.94861210922771,30.053623861497474,0.32379120954257323,5.958356735510021,12.772022843100656,4561,347,4774.0,Yes,69.03,0.56,64,33.47,Nyakabanda
Rwanda,Nyarugenge,2021,-1.9389379991095372,30.0600619647147,0.3236093899749166,5.570405056994614,13.223403328861554,4561,347,4724.0,Yes,69.03,0.56,64,33.47,Nyamirambo
Rwanda,Nyarugenge,2021,-1.9410697645530468,30.06817777375383,0.3157935658385982,6.7302667151213535,9.769188143412386,4561,347,4912.0,Yes,69.03,0.56,64,33.47,Nyarugenge
Rwanda,Nyarugenge,2021,-1.9350637034046572,30.07180694242747,0.3002116927855823,5.491189064032273,13.647685164386973,4561,347,4934.0,Yes,69.03,0.56,64,33.47,Rwezamenyo
Rwanda,Nyarugenge,2022,-1.9398372971151772,30.071318066284054,0.9511965732700342,13.742212602373684,24.6690294163643,4590,58,4883.0,Yes,70.8,0.86,58,80.19,Gitega
Rwanda,Nyarugenge,2022,-1.9474810024436429,30.05379666370624,0.9415167886532644,13.532708361393832,27.635491700891702,4590,58,5011.0,Yes,70.8,0.86,58,80.19,Kanyinya
Rwanda,Nyarugenge,2022,-1.9459030300882343,30.069215362815733,0.9197734559774398,14.709495324935702,25.748914870867296,4590,58,5089.0,Yes,70.8,0.86,58,80.19,Kigali
Rwanda,Nyarugenge,2022,-1.9480035588364424,30.071322521215333,0.9560576385231533,16.006367577373503,24.196574649169854,4590,58,5141.0,Yes,70.8,0.86,58,80.19,Kimisagara
Rwanda,Nyarugenge,2022,-1.9440843402173231,30.057517737822625,0.9540690026593289,12.88129286624924,28.239123085228794,4590,58,5032.0,Yes,70.8,0.86,58,80.19,Mageragere
Rwanda,Nyarugenge,2022,-1.9346343322357877,30.06036487272751,0.9798765588377139,12.792907329945963,27.338783969287704,4590,58,4902.0,Yes,70.8,0.86,58,80.19,Muhima
Rwanda,Nyarugenge,2022,-1.9528265934127964,30.06449116186107,0.9021020286424288,13.256219178463741,27.210100075127578,4590,58,5180.0,Yes,70.8,0.86,58,80.19,Nyakabanda
Rwanda,Nyarugenge,2022,-1.9523610643149552,30.07128224610346,0.9142491497022108,14.546107911123858,23.651788798672676,4590,58,5137.0,Yes,70.8,0.86,58,80.19,Nyamirambo
Rwanda,Nyarugenge,2022,-1.950178347535972,30.06852926940142,0.9828299265324577,13.260798754757745,26.46818797522319,4590,58,5052.0,Yes,70.8,0.86,58,80.19,Nyarugenge
Rwanda,Nyarugenge,2022,-1.9435361842886079,30.069918880765066,0.9405166242300445,15.24675930746033,26.051795578851042,4590,58,4941.0,Yes,70.8,0.86,58,80.19,Rwezamenyo
Rwanda,Nyarugenge,2023,-1.945879024059067,30.06813964630088,0.7288499912636367,2.819238591655402,12.44426321647074,1945,153,9741.0,Yes,26.09,0.66,97,35.55,Gitega
Rwanda,Nyarugenge,2023,-1.9460527882992147,30.07156335789229,0.6640982380864736,2.9401845439342282,12.78005486318813,1945,153,9544.0,Yes,26.09,0.66,97,35.55,Kanyinya
Rwanda,Nyarugenge,2023,-1.951070415019961,30.05368798892605,0.6937540860747828,2.2442027518131975,15.132096047628561,1945,153,9503.0,Yes,26.09,0.66,97,35.55,Kigali
Rwanda,Nyarugenge,2023,-1.9484313217387716,30.062466937181764,0.6350049743025076,5.745832969367381,12.614608960429567,1945,153,9628.0,Yes,26.09,0.66,97,35.55,Kimisagara
Rwanda,Nyarugenge,2023,-1.9524804047644437,30.06806509723136,0.7214067471486932,4.9779739347234395,9.808407998298009,1945,153,9672.0,Yes,26.09,0.66,97,35.55,Mageragere
Rwanda,Nyarugenge,2023,-1.9388959889670354,30.0537385736438,0.6574537270005014,6.00603649632431,14.556293893726252,1945,153,9561.0,Yes,26.09,0.66,97,35.55,Muhima
Rwanda,Nyarugenge,2023,-1.9513953881637103,30.06912698762631,0.6381056262097873,3.8499794245210026,12.152820963401973,1945,153,9747.0,Yes,26.09,0.66,97,35.55,Nyakabanda
Rwanda,Nyarugenge,2023,-1.936147302954309,30.066512509706882,0.6810443774845774,5.542585038559013,9.623989920452024,1945,153,9689.0,Yes,26.09,0.66,97,35.55,Nyamirambo
Rwanda,Nyarugenge,2023,-1.9483154717751374,30.06356344750939,0.7147307099637197,3.55384782460718,11.463911874257104,1945,153,9453.0,Yes,26.09,0.66,97,35.55,Nyarugenge
Rwanda,Nyarugenge,2023,-1.94449750789448,30.061516454484245,0.6844167965431822,3.3419493156184514,15.22826468480309,1945,153,9533.0,Yes,26.09,0.66,97,35.55,Rwezamenyo
