Country,Region,Year,Latitude,Longitude,Traffic_Congestion_Index,Dispatch_Time_Min,Response_Time_Min,Ambulance_Calls,Road_Accidents,Population_Density_per_km2,Hospital_Nearby,Avg_Traffic_Speed_kmph,Road_Quality_Index,Emergency_Staff_Available,GPS_Accuracy_m,Sector,Response_Category,Traffic_Category,Total_Response_Time,Population_Category,Road_Quality_Category,Cluster,Region_encoded,Hospital_Nearby_encoded,Predicted_Response_Time,Prediction_Error
Rwanda,Gasabo,2017,-1.9224278401640016,30.087644735003103,0.491486425474149,12.41300684423316,31.78742039979879,4272,70,3475.0,Yes,23.49,0.87,28,68.58,Bumbogo,Average,Medium,44.20042724403195,Medium,Excellent,0,0,1,31.913361245596274,0.12594084579748355
Rwanda,Gasabo,2017,-1.9378690322597456,30.08447630174221,0.4722074934779233,16.176994705779244,32.964274392236234,4272,70,3239.0,Yes,23.49,0.87,28,68.58,Gatsata,Average,Medium,49.14126909801548,Medium,Excellent,0,0,1,32.57520012473334,0.38907426750289176
Rwanda,Gasabo,2017,-1.9364384419193184,30.07859851218449,0.4585529398846665,16.34237877621421,30.69957373140678,4272,70,3493.0,Yes,23.49,0.87,28,68.58,Gikomero,Average,Medium,47.04195250762099,Medium,Excellent,0,0,1,31.035687587090383,0.3361138556836032
Rwanda,Gasabo,2017,-1.9246035445280067,30.078370415713447,0.4831755803858318,15.543907471954952,28.87742615713367,4272,70,3316.0,Yes,23.49,0.87,28,68.58,Gisozi,Average,Medium,44.42133362908862,Medium,Excellent,0,0,1,30.35742237322696,1.4799962160932907
Rwanda,Gasabo,2017,-1.9316934130012235,30.07978144854688,0.5015006821060216,12.859810237073678,33.57996136418631,4272,70,3377.0,Yes,23.49,0.87,28,68.58,Jabana,Average,Medium,46.43977160125999,Medium,Excellent,0,0,1,33.02330221468112,0.5566591495051938
Rwanda,Gasabo,2017,-1.93498208039081,30.08494808535208,0.504998576315338,15.475065602500898,30.544988484875933,4272,70,3442.0,Yes,23.49,0.87,28,68.58,Jali,Average,Medium,46.020054087376835,Medium,Excellent,0,0,1,30.737265762414914,0.19227727753898094
Rwanda,Gasabo,2017,-1.9361001532016169,30.073375023627484,0.4852347755854967,16.01098730147092,31.18855271868389,4272,70,3316.0,Yes,23.49,0.87,28,68.58,Kacyiru,Average,Medium,47.199540020154814,Medium,Excellent,0,0,1,31.34683396970786,0.1582812510239684
Rwanda,Gasabo,2017,-1.92813078755851,30.09000899088028,0.4334718816865027,16.051123856214378,32.09287514275662,4272,70,3174.0,Yes,23.49,0.87,28,68.58,Kimisagara,Average,Medium,48.143998998971,Medium,Excellent,0,0,1,32.208528873316816,0.11565373056019723
Rwanda,Gasabo,2017,-1.9316136517384412,30.086195431634764,0.5030414473115417,14.567643474189929,33.24644190607437,4272,70,3317.0,Yes,23.49,0.87,28,68.58,Kimironko,Average,Medium,47.814085380264295,Medium,Excellent,0,0,1,32.94787448861352,0.2985674174608448
Rwanda,Gasabo,2017,-1.9233056200947152,30.08846375940415,0.455486364783412,14.610496419395169,30.82199205001315,4272,70,3373.0,Yes,23.49,0.87,28,68.58,Kinyinya,Average,Medium,45.43248846940832,Medium,Excellent,0,0,1,32.23182430848044,1.40983225846729
Rwanda,Gasabo,2017,-1.9355300948327376,30.07753640243768,0.5209458138779691,12.73611719340764,32.69733686686179,4272,70,3355.0,Yes,23.49,0.87,28,68.58,Ndera,Average,Medium,45.433454060269426,Medium,Excellent,0,0,1,32.964729942040066,0.26739307517827626
Rwanda,Gasabo,2017,-1.923580420720835,30.078015865365877,0.5191452632401368,13.783660733189308,33.601289101385966,4272,70,3352.0,Yes,23.49,0.87,28,68.58,Nduba,Average,Medium,47.38494983457527,Medium,Excellent,0,0,1,33.153465400483775,0.44782370090219104
Rwanda,Gasabo,2017,-1.920180301640996,30.0723527829799,0.4890551222810692,14.968438964825747,33.64106703275409,4272,70,3365.0,Yes,23.49,0.87,28,68.58,Remera,Average,Medium,48.60950599757983,Medium,Excellent,0,0,1,32.99902267748932,0.6420443552647654
Rwanda,Gasabo,2017,-1.9216973168202325,30.07801077030944,0.5178824495812037,16.000039165264372,30.371209605506746,4272,70,3452.0,Yes,23.49,0.87,28,68.58,Rusororo,Average,Medium,46.37124877077112,Medium,Excellent,0,0,1,30.70945457958877,0.3382449740820235
Rwanda,Gasabo,2017,-1.9370267390493272,30.089409386565578,0.4842862410092437,13.40334805671241,31.689952777537854,4272,70,3327.0,Yes,23.49,0.87,28,68.58,Rutunga,Average,Medium,45.093300834250265,Medium,Excellent,0,0,1,31.92924150687793,0.23928872934007472
Rwanda,Gasabo,2018,-1.923493562487145,30.088214169909207,0.2718743955131465,11.073398046158436,35.55611673706814,2933,241,14721.0,Yes,56.7,0.01,93,36.21,Bumbogo,Poor,Low,46.629514783226576,Very High,Poor,2,0,1,36.85612608162854,1.3000093445604008
Rwanda,Gasabo,2018,-1.920039963920368,30.086052193351804,0.273175272197068,10.076180221701328,38.824538213915176,2933,241,15010.0,Yes,56.7,0.01,93,36.21,Gatsata,Poor,Low,48.900718435616504,Very High,Poor,2,0,1,37.53785651797235,1.2866816959428249
Rwanda,Gasabo,2018,-1.9213415365485929,30.078959117577917,0.2484360718031847,12.969400374882849,35.54967669299056,2933,241,15047.0,Yes,56.7,0.01,93,36.21,Gikomero,Poor,Low,48.51907706787341,Very High,Poor,2,0,1,36.527625045733785,0.9779483527432262
Rwanda,Gasabo,2018,-1.9228252958488417,30.084426188965583,0.2102056596947238,13.132382543440626,35.65374549126023,2933,241,14973.0,Yes,56.7,0.01,93,36.21,Gisozi,Poor,Low,48.78612803470086,Very High,Poor,2,0,1,37.5856773314575,1.9319318401972652
Rwanda,Gasabo,2018,-1.9315822572883556,30.082660202610704,0.2861787356841652,12.3390415762058,37.439502993876246,2933,241,15034.0,Yes,56.7,0.01,93,36.21,Jabana,Poor,Low,49.77854457008205,Very High,Poor,2,0,1,36.603603374657,0.8358996192192478
Rwanda,Gasabo,2018,-1.9360204642960692,30.08677328535988,0.2379982592456363,12.511289054684008,36.24524375521943,2933,241,14730.0,Yes,56.7,0.01,93,36.21,Jali,Poor,Low,48.75653280990343,Very High,Poor,2,0,1,36.29076667967826,0.045522924458836656
Rwanda,Gasabo,2018,-1.930462994897869,30.07955747906795,0.2162209099141281,13.28998369247838,39.18049277915516,2933,241,14949.0,Yes,56.7,0.01,93,36.21,Kacyiru,Poor,Low,52.47047647163354,Very High,Poor,2,0,1,38.14266645319171,1.0378263259634508
Rwanda,Gasabo,2018,-1.923089661092284,30.08676965442314,0.236440430237861,10.32751064029431,35.428851940071965,2933,241,14849.0,Yes,56.7,0.01,93,36.21,Kimisagara,Poor,Low,45.75636258036627,Very High,Poor,2,0,1,36.211504678880914,0.7826527388089488
Rwanda,Gasabo,2018,-1.9292922556088128,30.087084606881238,0.2397253508130013,11.382298058710736,35.45921147134967,2933,241,14746.0,Yes,56.7,0.01,93,36.21,Kimironko,Poor,Low,46.84150953006041,Very High,Poor,2,0,1,35.961185549206405,0.5019740778567368
Rwanda,Gasabo,2018,-1.920305971364904,30.08136722808328,0.2136944749761177,12.97748506514174,40.22562659351343,2933,241,14907.0,Yes,56.7,0.01,93,36.21,Kinyinya,Poor,Low,53.203111658655175,Very High,Poor,2,0,1,37.17363355749224,3.0519930360211944
Rwanda,Gasabo,2018,-1.935929771840599,30.07880484725153,0.2455870395516605,11.353261260221608,35.23943006015599,2933,241,14793.0,Yes,56.7,0.01,93,36.21,Ndera,Poor,Low,46.5926913203776,Very High,Poor,2,0,1,36.41087014251503,1.171440082359041
Rwanda,Gasabo,2018,-1.9262179502002568,30.08346549825419,0.242716577552924,11.27027010553518,38.68005620791424,2933,241,15012.0,Yes,56.7,0.01,93,36.21,Nduba,Poor,Low,49.95032631344942,Very High,Poor,2,0,1,37.70578703240306,0.9742691755111821
Rwanda,Gasabo,2018,-1.9382162981769324,30.08828660299226,0.2722468035189556,10.059393932845971,37.646587517479134,2933,241,14912.0,Yes,56.7,0.01,93,36.21,Remera,Poor,Low,47.705981450325105,Very High,Poor,2,0,1,37.36779622792305,0.27879128955608223
Rwanda,Gasabo,2018,-1.9281774074932472,30.08275533788758,0.1962687434711639,10.109277512924592,37.55090112701087,2933,241,14947.0,Yes,56.7,0.01,93,36.21,Rusororo,Poor,Low,47.66017863993546,Very High,Poor,2,0,1,37.0259486120503,0.5249525149605674
Rwanda,Gasabo,2018,-1.925576581546784,30.078891228500044,0.1986387951702344,10.08131376594111,35.08678171959521,2933,241,15086.0,Yes,56.7,0.01,93,36.21,Rutunga,Poor,Low,45.16809548553632,Very High,Poor,2,0,1,35.81623746663191,0.7294557470367025
Rwanda,Gasabo,2019,-1.920536323421404,30.088126195113745,0.6827649194110763,2.7151047962533714,18.766414265383663,1475,832,7405.0,No,31.98,0.51,68,52.01,Bumbogo,Good,High,21.481519061637034,High,Fair,0,0,0,16.81440730374193,1.9520069616417324
Rwanda,Gasabo,2019,-1.92176161791375,30.091818416459112,0.6944612137443023,4.147337174791904,15.889608285416337,1475,832,7453.0,No,31.98,0.51,68,52.01,Gatsata,Good,High,20.03694546020824,High,Fair,0,0,0,16.24007168878937,0.35046340337303405
Rwanda,Gasabo,2019,-1.9387306655770613,30.08374281588628,0.6817349213172587,3.020288447981494,16.444963209280246,1475,832,7380.0,No,31.98,0.51,68,52.01,Gikomero,Good,High,19.46525165726174,High,Fair,0,0,0,16.550585405068794,0.10562219578854837
Rwanda,Gasabo,2019,-1.9200671949755328,30.09058550980069,0.6283260890852328,2.7850883042627355,14.370685620676824,1475,832,7585.0,No,31.98,0.51,68,52.01,Gisozi,Excellent,High,17.15577392493956,High,Fair,0,0,0,16.864217491404442,2.493531870727619
Rwanda,Gasabo,2019,-1.931088646381609,30.080179793522326,0.6286852562968156,2.775123421105464,17.50586026584852,1475,832,7502.0,No,31.98,0.51,68,52.01,Jabana,Good,High,20.28098368695398,High,Fair,0,0,0,17.08096203643088,0.42489822941763933
Rwanda,Gasabo,2019,-1.9254274073525224,30.07664381760933,0.6429991804060652,3.748754470455701,18.278385380286636,1475,832,7383.0,No,31.98,0.51,68,52.01,Jali,Good,High,22.027139850742337,High,Fair,0,0,0,17.55436673581259,0.7240186444740466
Rwanda,Gasabo,2019,-1.9342687177328612,30.084587709967767,0.6751838193439981,6.499124899762502,17.941569290776208,1475,832,7630.0,No,31.98,0.51,68,52.01,Kacyiru,Good,High,24.44069419053871,High,Fair,0,0,0,17.31979108299583,0.6217782077803768
Rwanda,Gasabo,2019,-1.9353033435220688,30.07487883894085,0.6853127441520096,4.657363919832928,15.8874342038964,1475,832,7565.0,No,31.98,0.51,68,52.01,Kimisagara,Good,High,20.54479812372933,High,Fair,0,0,0,16.07711211305985,0.18967790916345173
Rwanda,Gasabo,2019,-1.9319582860930853,30.075600082352373,0.6199291862080066,4.51352641838411,19.206793457812253,1475,832,7562.0,No,31.98,0.51,68,52.01,Kimironko,Good,High,23.720319876196363,High,Fair,0,0,0,15.509677152735478,3.6971163050767757
Rwanda,Gasabo,2019,-1.919812475610708,30.08014108655252,0.6395115621774912,4.43678859356196,14.125915919838691,1475,832,7616.0,No,31.98,0.51,68,52.01,Kinyinya,Excellent,High,18.562704513400654,High,Fair,0,0,0,15.238223171875244,1.112307252036553
Rwanda,Gasabo,2019,-1.9342428747162743,30.07367882891762,0.6570599260842199,6.076528284388162,15.870005802212422,1475,832,7681.0,No,31.98,0.51,68,52.01,Ndera,Good,High,21.946534086600582,High,Fair,0,0,0,16.439298977907065,0.5692931756946429
Rwanda,Gasabo,2019,-1.9389487406641288,30.072759638942912,0.6611153057978887,3.6414841514329273,18.23958512819096,1475,832,7381.0,No,31.98,0.51,68,52.01,Nduba,Good,High,21.881069279623887,High,Fair,0,0,0,17.82408538569311,0.4154997424978504
Rwanda,Gasabo,2019,-1.9302261690179312,30.091130676827888,0.6773992211872399,2.9123591028830065,14.553474699974933,1475,832,7307.0,No,31.98,0.51,68,52.01,Remera,Excellent,High,17.46583380285794,High,Fair,0,0,0,15.385381607073171,0.8319069070982383
Rwanda,Gasabo,2019,-1.9205994137227629,30.07676964604004,0.645846025710459,3.2411221931155527,16.675912619809875,1475,832,7354.0,No,31.98,0.51,68,52.01,Rusororo,Good,High,19.91703481292543,High,Fair,0,0,0,16.95007353294322,0.2741609131333469
Rwanda,Gasabo,2019,-1.9210249736621952,30.08850542076715,0.7005889134200187,4.597466272226333,18.507842987011998,1475,832,7348.0,No,31.98,0.51,68,52.01,Rutunga,Good,High,23.105309259238332,High,Fair,0,0,0,17.549137988074943,0.9587049989370549
Rwanda,Gasabo,2020,-1.932151991618748,30.08006543459148,0.8617276736954941,10.184461044125596,23.7796553567149,2935,650,14640.0,No,38.28,0.1,88,31.69,Bumbogo,Good,Critical,33.964116400840496,Very High,Poor,3,0,0,21.012246842059408,2.767408514655493
Rwanda,Gasabo,2020,-1.9243161925857748,30.090142551175813,0.8139748037474156,10.480554207711029,20.474044421812803,2935,650,14538.0,No,38.28,0.1,88,31.69,Gatsata,Good,Critical,30.95459862952383,Very High,Poor,3,0,0,21.04895636324742,0.5749119414346175
Rwanda,Gasabo,2020,-1.9360857696551868,30.0895300257748,0.8298449123737062,10.887259479890348,21.341338993571178,2935,650,14559.0,No,38.28,0.1,88,31.69,Gikomero,Good,Critical,32.228598473461524,Very High,Poor,3,0,0,21.426740267193523,0.08540127362234529
Rwanda,Gasabo,2020,-1.9307598540540367,30.090671674974004,0.7978014457502223,12.745819344090645,19.308251061042277,2935,650,14435.0,No,38.28,0.1,88,31.69,Gisozi,Good,High,32.05407040513292,Very High,Poor,3,0,0,21.0633188997919,1.7550678387496212
Rwanda,Gasabo,2020,-1.9286025772039088,30.0734607801204,0.8852336662246286,11.358857149697464,19.81260863794397,2935,650,14724.0,No,38.28,0.1,88,31.69,Jabana,Good,Critical,31.171465787641434,Very High,Poor,3,0,0,20.722108468374905,0.909499830430935
Rwanda,Gasabo,2020,-1.919772624963644,30.07592955108555,0.839571141092929,12.846296916637918,24.29563828000745,2935,650,14456.0,No,38.28,0.1,88,31.69,Jali,Good,Critical,37.14193519664536,Very High,Poor,3,0,0,23.81574061267932,0.4798976673281281
Rwanda,Gasabo,2020,-1.9250114208986264,30.079661480587216,0.8526855168020469,9.368565024659873,23.1502892174323,2935,650,14450.0,No,38.28,0.1,88,31.69,Kacyiru,Good,Critical,32.518854242092175,Very High,Poor,3,0,0,22.85933642963353,0.2909527877987692
Rwanda,Gasabo,2020,-1.921612140559112,30.09189298883105,0.8064122607510245,10.006208136181852,18.91022169174389,2935,650,14699.0,No,38.28,0.1,88,31.69,Kimisagara,Good,Critical,28.91642982792574,Very High,Poor,3,0,0,19.64072388733678,0.7305021955928908
Rwanda,Gasabo,2020,-1.9252221928452236,30.075241697186318,0.8212494372567872,12.507111823961946,24.501217801889524,2935,650,14473.0,No,38.28,0.1,88,31.69,Kimironko,Good,Critical,37.008329625851474,Very High,Poor,3,0,0,23.69927335801502,0.801944443874504
Rwanda,Gasabo,2020,-1.9198150972053751,30.091787038673356,0.8083290532737879,10.71891599319816,19.23974332116816,2935,650,14631.0,No,38.28,0.1,88,31.69,Kinyinya,Good,Critical,29.95865931436632,Very High,Poor,3,0,0,19.6619847819657,0.4222414607975402
Rwanda,Gasabo,2020,-1.9331132524488164,30.087876377176745,0.813102631473483,12.029151151105316,24.369576759125124,2935,650,14691.0,No,38.28,0.1,88,31.69,Ndera,Good,Critical,36.39872791023044,Very High,Poor,3,0,0,22.64461837003206,1.7249583890930644
Rwanda,Gasabo,2020,-1.9360638899070064,30.091759235618724,0.8598394980896736,12.335087770290835,22.81247252483428,2935,650,14389.0,No,38.28,0.1,88,31.69,Nduba,Good,Critical,35.14756029512512,Very High,Poor,3,0,0,23.24189751567157,0.42942499083729047
Rwanda,Gasabo,2020,-1.9333037970034657,30.090520774734905,0.8684044877495383,11.570346099351417,23.936663065310785,2935,650,14389.0,No,38.28,0.1,88,31.69,Remera,Good,Critical,35.5070091646622,Very High,Poor,3,0,0,23.39456411351711,0.5420989517936761
Rwanda,Gasabo,2020,-1.93905497655297,30.073335174771337,0.8627494691810704,12.71157265120111,23.54215901143769,2935,650,14531.0,No,38.28,0.1,88,31.69,Rusororo,Good,Critical,36.2537316626388,Very High,Poor,3,0,0,23.408181996847347,0.13397701459034295
Rwanda,Gasabo,2020,-1.9325987029986649,30.075408379395384,0.8386953539871032,9.88673024287451,22.60600819599966,2935,650,14520.0,No,38.28,0.1,88,31.69,Rutunga,Good,Critical,32.49273843887417,Very High,Poor,3,0,0,22.58015167636405,0.025856519635610198
Rwanda,Gasabo,2021,-1.9205764519534696,30.083641840987045,0.7524611354482181,9.665246315862182,35.898950016304305,534,255,6463.0,Yes,65.32,0.43,58,59.2,Bumbogo,Poor,High,45.56419633216649,Medium,Fair,3,0,1,34.51113142446725,1.3878185918370534
Rwanda,Gasabo,2021,-1.9289087675424093,30.08440154044013,0.734024342601784,12.199268972542743,34.28273185499453,534,255,6663.0,Yes,65.32,0.43,58,59.2,Gatsata,Average,High,46.48200082753728,Medium,Fair,3,0,1,34.01179896271895,0.2709328922755816
Rwanda,Gasabo,2021,-1.924441006645228,30.0914070755393,0.746716946854632,10.516388487079936,32.30168784631477,534,255,6728.0,Yes,65.32,0.43,58,59.2,Gikomero,Average,High,42.81807633339471,Medium,Fair,3,0,1,32.996257731774115,0.6945698854593445
Rwanda,Gasabo,2021,-1.926012121572215,30.08021397332205,0.6733723831334327,8.989655553398629,31.78523848561989,534,255,6475.0,Yes,65.32,0.43,58,59.2,Gisozi,Average,High,40.77489403901852,Medium,Fair,3,0,1,33.380747453821485,1.595508968201596
Rwanda,Gasabo,2021,-1.9238604677256808,30.08861952990473,0.7571190607129652,11.32885904833704,35.84815179786924,534,255,6566.0,Yes,65.32,0.43,58,59.2,Jabana,Poor,High,47.17701084620629,Medium,Fair,3,0,1,34.78163412590033,1.06651767196891
Rwanda,Gasabo,2021,-1.9347757416588616,30.07861691520873,0.7149106837188632,11.73638700209571,34.96580143149828,534,255,6715.0,Yes,65.32,0.43,58,59.2,Jali,Average,High,46.70218843359399,Medium,Fair,3,0,1,34.258453659488026,0.7073477720102517
Rwanda,Gasabo,2021,-1.923424231000896,30.085181128567758,0.6730223715718003,12.201802781283936,35.25839705499383,534,255,6670.0,Yes,65.32,0.43,58,59.2,Kacyiru,Poor,High,47.460199836277766,Medium,Fair,3,0,1,33.5134424658012,1.7449545891926306
Rwanda,Gasabo,2021,-1.9322515441857688,30.078869527383397,0.6700127115009227,10.776132782131306,36.74613770719533,534,255,6764.0,Yes,65.32,0.43,58,59.2,Kimisagara,Poor,High,47.52227048932664,Medium,Fair,3,0,1,32.61484281426058,4.131294892934754
Rwanda,Gasabo,2021,-1.9204376759485076,30.077563608022786,0.7529845379205917,8.472247289863073,35.4543631855726,534,255,6727.0,Yes,65.32,0.43,58,59.2,Kimironko,Poor,High,43.92661047543568,Medium,Fair,3,0,1,34.81558699749826,0.6387761880743454
Rwanda,Gasabo,2021,-1.9303534488189331,30.07279728686933,0.6694772154292298,9.079067681281092,32.232146066374774,534,255,6736.0,Yes,65.32,0.43,58,59.2,Kinyinya,Average,High,41.31121374765587,Medium,Fair,3,0,1,32.59670542907212,0.36455936269734224
Rwanda,Gasabo,2021,-1.92299470436731,30.0858297206038,0.7514968966598358,11.623266749541962,32.74695247205677,534,255,6648.0,Yes,65.32,0.43,58,59.2,Ndera,Average,High,44.37021922159873,Medium,Fair,3,0,1,33.4269336253304,0.67998115327363
Rwanda,Gasabo,2021,-1.9365716675807711,30.08697598245709,0.7518493405236768,9.653203511788584,34.06146700241463,534,255,6659.0,Yes,65.32,0.43,58,59.2,Nduba,Average,High,43.71467051420321,Medium,Fair,3,0,1,33.866037380245245,0.1954296221693852
Rwanda,Gasabo,2021,-1.936471537490567,30.08168229076937,0.6927848040504462,12.292940929225823,32.670611040711194,534,255,6522.0,Yes,65.32,0.43,58,59.2,Remera,Average,High,44.963551969937015,Medium,Fair,3,0,1,33.085417523957204,0.41480648324601077
Rwanda,Gasabo,2021,-1.927034541466384,30.07833377599046,0.7551524967022955,12.073360625500506,35.0582089034252,534,255,6745.0,Yes,65.32,0.43,58,59.2,Rusororo,Poor,High,47.1315695289257,Medium,Fair,3,0,1,33.59278062177136,1.4654282816538355
Rwanda,Gasabo,2021,-1.928098822232701,30.08096266967936,0.7257208122204369,8.35405522781069,36.86075082636269,534,255,6519.0,Yes,65.32,0.43,58,59.2,Rutunga,Poor,High,45.21480605417338,Medium,Fair,3,0,1,34.52962907271343,2.3311217536492563
Rwanda,Gasabo,2022,-1.9217025102014007,30.07936171585119,0.3287509654902241,13.133101866500578,33.12927152423554,661,251,13491.0,Yes,75.31,0.09,91,56.88,Bumbogo,Average,Medium,46.262373390736116,Very High,Poor,2,0,1,34.053782481837025,0.924510957601484
Rwanda,Gasabo,2022,-1.931961045245798,30.07719214596026,0.2920625759608591,12.810249585336171,32.63509618193795,661,251,13371.0,Yes,75.31,0.09,91,56.88,Gatsata,Average,Low,45.44534576727413,Very High,Poor,2,0,1,32.512888655981605,0.1222075259563482
Rwanda,Gasabo,2022,-1.938035091163934,30.081507657896285,0.3593400203714526,13.86805535355101,31.35662136277176,661,251,13675.0,Yes,75.31,0.09,91,56.88,Gikomero,Average,Medium,45.224676716322776,Very High,Poor,2,0,1,31.812723986854657,0.45610262408289515
Rwanda,Gasabo,2022,-1.9357699002552768,30.07924447449643,0.3165512501212291,14.583006575894672,29.62902734302679,661,251,13358.0,Yes,75.31,0.09,91,56.88,Gisozi,Average,Medium,44.21203391892146,Very High,Poor,2,0,1,30.809877822234107,1.1808504792073151
Rwanda,Gasabo,2022,-1.9219538572224089,30.089964701754525,0.389745677394458,12.877276808241923,34.25164656962574,661,251,13555.0,Yes,75.31,0.09,91,56.88,Jabana,Average,Medium,47.128923377867665,Very High,Poor,2,0,1,33.92562645433737,0.3260201152883724
Rwanda,Gasabo,2022,-1.9287084647795487,30.087672251041205,0.2905725333980164,15.299122962479286,31.55736578768397,661,251,13696.0,Yes,75.31,0.09,91,56.88,Jali,Average,Low,46.85648875016326,Very High,Poor,2,0,1,31.54322434007265,0.01414144761131908
Rwanda,Gasabo,2022,-1.9298533286997115,30.091458409226814,0.3084988314590406,16.323743681497934,30.510808012750346,661,251,13428.0,Yes,75.31,0.09,91,56.88,Kacyiru,Average,Medium,46.834551694248276,Very High,Poor,2,0,1,31.25404305282971,0.7432350400793659
Rwanda,Gasabo,2022,-1.9308114807539136,30.091696351082227,0.3168935743751474,14.303861177348288,31.925397392028877,661,251,13355.0,Yes,75.31,0.09,91,56.88,Kimisagara,Average,Medium,46.229258569377166,Very High,Poor,2,0,1,31.712278481450877,0.21311891057800025
Rwanda,Gasabo,2022,-1.9284459697055665,30.08548187131476,0.3611753436661917,14.844039369104712,31.46783341777362,661,251,13587.0,Yes,75.31,0.09,91,56.88,Kimironko,Average,Medium,46.31187278687833,Very High,Poor,2,0,1,31.74192684988127,0.2740934321076516
Rwanda,Gasabo,2022,-1.9391029153116603,30.09094617904363,0.3434554610856934,14.519515729904994,33.29356680692122,661,251,13484.0,Yes,75.31,0.09,91,56.88,Kinyinya,Average,Medium,47.813082536826215,Very High,Poor,2,0,1,32.62306794424274,0.6704988626784782
Rwanda,Gasabo,2022,-1.9194627613542927,30.090394584738902,0.3669510961706206,14.02609877907078,29.92745186996722,661,251,13740.0,Yes,75.31,0.09,91,56.88,Ndera,Average,Medium,43.953550649038,Very High,Poor,2,0,1,31.162220853531718,1.2347689835644964
Rwanda,Gasabo,2022,-1.924714079233092,30.08113428853977,0.3584952224766133,13.494156226205025,32.65039157099658,661,251,13662.0,Yes,75.31,0.09,91,56.88,Nduba,Average,Medium,46.14454779720161,Very High,Poor,2,0,1,32.71182451012838,0.06143293913179804
Rwanda,Gasabo,2022,-1.9348319456970235,30.083212824826187,0.3315477237495104,13.05905695930938,35.0088332345822,661,251,13442.0,Yes,75.31,0.09,91,56.88,Remera,Poor,Medium,48.06789019389158,Very High,Poor,2,0,1,33.98581927740968,1.023013957172516
Rwanda,Gasabo,2022,-1.937738589366033,30.075120024628102,0.3637727679281279,13.41923494531754,35.27710055836256,661,251,13458.0,Yes,75.31,0.09,91,56.88,Rusororo,Poor,Medium,48.6963355036801,Very High,Poor,2,0,1,34.307382073625746,0.9697184847368163
Rwanda,Gasabo,2022,-1.939249421436963,30.09078533612972,0.3789617882768695,14.468443296062114,35.54590434261651,661,251,13579.0,Yes,75.31,0.09,91,56.88,Rutunga,Poor,Medium,50.01434763867862,Very High,Poor,2,0,1,33.72989329089091,1.816011051725603
Rwanda,Gasabo,2023,-1.9322854127037676,30.075097955476764,0.8793666404361927,12.851414585053671,28.94332571757363,1378,102,9181.0,No,56.42,0.28,33,82.2,Bumbogo,Average,Critical,41.794740302627304,High,Poor,3,0,0,30.55778258824741,1.6144568706737807
Rwanda,Gasabo,2023,-1.9201316932985453,30.07679600615928,0.8794751658265725,13.99287641544675,31.20298227715389,1378,102,9112.0,No,56.42,0.28,33,82.2,Gatsata,Average,Critical,45.19585869260064,High,Poor,3,0,0,31.714773371792397,0.5117910946385074
Rwanda,Gasabo,2023,-1.9389130928322016,30.08434277949035,0.8783222850605118,11.82963898031232,33.949414375392266,1378,102,9441.0,No,56.42,0.28,33,82.2,Gikomero,Average,Critical,45.77905335570458,High,Poor,3,0,0,32.39409444268169,1.5553199327105744
Rwanda,Gasabo,2023,-1.9264679324434149,30.08837658853759,0.8734288504199386,12.49552677119123,32.10840526063572,1378,102,9322.0,No,56.42,0.28,33,82.2,Gisozi,Average,Critical,44.60393203182695,High,Poor,3,0,0,32.05870080376271,0.04970445687300895
Rwanda,Gasabo,2023,-1.93220759097874,30.073943430289923,0.9633945132298364,14.137124191549288,31.67133527045389,1378,102,9224.0,No,56.42,0.28,33,82.2,Jabana,Average,Critical,45.80845946200318,High,Poor,3,0,0,31.860778948645144,0.18944367819125318
Rwanda,Gasabo,2023,-1.9322685443335497,30.087906181210275,0.9351712079610018,11.19989773132542,28.926769917249864,1378,102,9269.0,No,56.42,0.28,33,82.2,Jali,Average,Critical,40.126667648575285,High,Poor,3,0,0,29.612881481706317,0.6861115644564535
Rwanda,Gasabo,2023,-1.925407054178116,30.08460233104135,0.9432872570143076,15.019075980824004,33.44774430941507,1378,102,9173.0,No,56.42,0.28,33,82.2,Kacyiru,Average,Critical,48.46682029023908,High,Poor,3,0,0,32.30653192151296,1.141212387902108
Rwanda,Gasabo,2023,-1.922288130260968,30.084974746843248,0.887461246879216,14.041578583398158,31.417541887074783,1378,102,9253.0,No,56.42,0.28,33,82.2,Kimisagara,Average,Critical,45.45912047047294,High,Poor,3,0,0,32.45618679473251,1.0386449076577264
Rwanda,Gasabo,2023,-1.936535458176448,30.082638952564164,0.8806539702721387,13.127277402688204,34.117411346765124,1378,102,9271.0,No,56.42,0.28,33,82.2,Kimironko,Average,Critical,47.24468874945333,High,Poor,3,0,0,32.664557794258506,1.4528535525066175
Rwanda,Gasabo,2023,-1.9391186820971495,30.079984635799654,0.8895813338280556,14.352140230239996,33.14506681740404,1378,102,9392.0,No,56.42,0.28,33,82.2,Kinyinya,Average,Critical,47.49720704764404,High,Poor,3,0,0,32.49189669282077,0.6531701245832764
Rwanda,Gasabo,2023,-1.9341774772312728,30.07646240302785,0.8789992365176417,12.289956228803552,29.9276155984144,1378,102,9398.0,No,56.42,0.28,33,82.2,Ndera,Average,Critical,42.21757182721795,High,Poor,3,0,0,30.52803323520159,0.6004176367871921
Rwanda,Gasabo,2023,-1.9287579895896536,30.075036843621103,0.8988505955848433,14.050056282312337,28.94754180726091,1378,102,9420.0,No,56.42,0.28,33,82.2,Nduba,Average,Critical,42.997598089573245,High,Poor,3,0,0,32.308923089085894,3.3613812818249826
Rwanda,Gasabo,2023,-1.9243777564709983,30.090424234349005,0.8834696973012591,11.15976188455347,28.699511715175387,1378,102,9410.0,No,56.42,0.28,33,82.2,Remera,Average,Critical,39.85927359972886,High,Poor,3,0,0,29.760154700586746,1.0606429854113593
Rwanda,Gasabo,2023,-1.928339870116958,30.08774844070364,0.9565880481772102,11.804816230505986,30.68385790307887,1378,102,9424.0,No,56.42,0.28,33,82.2,Rusororo,Average,Critical,42.48867413358486,High,Poor,3,0,0,30.25367746369385,0.43018043938501904
Rwanda,Gasabo,2023,-1.925112210356464,30.09122430043016,0.8880804295172884,13.973843220175333,32.69299001116524,1378,102,9222.0,No,56.42,0.28,33,82.2,Rutunga,Average,Critical,46.666833231340576,High,Poor,3,0,0,32.45562452349396,0.2373654876712834
Rwanda,Kicukiro,2017,-2.004335177785554,30.13159619743078,0.2948521130810476,13.257331427702818,30.05834781808144,2527,697,1377.0,No,62.41,0.73,37,64.54,Gahanga,Average,Low,43.31567924578426,Low,Good,1,1,0,31.20404191267241,1.1456940945909686
Rwanda,Kicukiro,2017,-1.9997878382232392,30.124808619705224,0.2777152930301128,16.730358689878724,33.76456544855564,2527,697,1196.0,No,62.41,0.73,37,64.54,Gatenga,Average,Low,50.49492413843437,Low,Good,1,1,0,33.609062738334444,0.15550271022119944
Rwanda,Kicukiro,2017,-1.9988358958026824,30.13586798171979,0.2499817009268887,15.89564346120299,34.89249627468563,2527,697,1406.0,No,62.41,0.73,37,64.54,Gikondo,Average,Low,50.78813973588862,Low,Good,1,1,0,34.30048767297734,0.5920086017082866
Rwanda,Kicukiro,2017,-1.992644252400856,30.12487609489631,0.2131790241374501,16.689775861635383,34.741588629530426,2527,697,1092.0,No,62.41,0.73,37,64.54,Kanombe,Average,Low,51.43136449116581,Low,Good,1,1,0,34.09163405666627,0.6499545728641536
Rwanda,Kicukiro,2017,-2.0035262038563526,30.126909759343285,0.2256456323311007,16.434706003648643,30.575789208353413,2527,697,1334.0,No,62.41,0.73,37,64.54,Kagarama,Average,Low,47.010495212002056,Low,Good,1,1,0,34.23365058627518,3.657861377921769
Rwanda,Kicukiro,2017,-1.9984761761041263,30.1326778739484,0.2823238877213865,13.58699137750892,33.91186232115953,2527,697,1453.0,No,62.41,0.73,37,64.54,Niboye,Average,Low,47.498853698668455,Low,Good,1,1,0,33.174847855264204,0.7370144658953279
Rwanda,Kicukiro,2017,-2.003685532319108,30.13097036885768,0.2771231380465647,14.624576595130314,31.72033690948124,2527,697,1119.0,No,62.41,0.73,37,64.54,Kigarama,Average,Low,46.344913504611554,Low,Good,1,1,0,32.43088853195218,0.7105516224709376
Rwanda,Kicukiro,2017,-1.9961416575184592,30.12857328923818,0.2780292716087277,14.937906186757385,34.422591201262755,2527,697,1086.0,No,62.41,0.73,37,64.54,Kicukiro,Average,Low,49.360497388020136,Low,Good,1,1,0,32.8092509240344,1.6133402772283532
Rwanda,Kicukiro,2017,-1.9921179744983957,30.127678853475032,0.226426678517442,15.83262558579728,35.01292604744794,2527,697,1441.0,No,62.41,0.73,37,64.54,Masaka,Poor,Low,50.84555163324522,Low,Good,1,1,0,34.262375355279744,0.750550692168197
Rwanda,Kicukiro,2017,-2.0033295226148757,30.13072438577935,0.2484441458423697,14.691965052138222,33.77815266718008,2527,697,1177.0,No,62.41,0.73,37,64.54,Nyarugunga,Average,Low,48.4701177193183,Low,Good,1,1,0,33.67272753867517,0.10542512850491192
Rwanda,Kicukiro,2018,-1.9938454178141127,30.13819008080273,0.8912414477822066,9.528555600596327,38.39225696629558,700,889,7531.0,Yes,42.25,0.67,41,75.66,Gahanga,Poor,Critical,47.920812566891904,High,Good,3,1,1,37.74227670663763,0.6499802596579443
Rwanda,Kicukiro,2018,-1.9951121516344597,30.122676933536564,0.9361644453401126,11.9991567101637,36.715780709788895,700,889,7375.0,Yes,42.25,0.67,41,75.66,Gatenga,Poor,Critical,48.71493741995259,High,Good,3,1,1,37.151918299682805,0.43613758989391016
Rwanda,Kicukiro,2018,-1.9971188660037131,30.13437733752876,0.8820400350126752,11.08545667809224,38.97625506516975,700,889,7465.0,Yes,42.25,0.67,41,75.66,Gikondo,Poor,Critical,50.061711743261995,High,Good,3,1,1,37.6047877178035,1.3714673473662558
Rwanda,Kicukiro,2018,-2.000186190520178,30.12128493003272,0.8686915880408231,12.64482256757759,37.981517845539656,700,889,7254.0,Yes,42.25,0.67,41,75.66,Kanombe,Poor,Critical,50.62634041311725,High,Good,3,1,1,37.50259326283537,0.4789245827042876
Rwanda,Kicukiro,2018,-1.998480223558378,30.11896580619342,0.9186235848597148,10.34200797534852,34.29880361953973,700,889,7329.0,Yes,42.25,0.67,41,75.66,Kagarama,Average,Critical,44.640811594888255,High,Good,3,1,1,37.72814438750199,3.429340767962259
Rwanda,Kicukiro,2018,-2.006832695705623,30.12194238498108,0.8661957870641148,11.160280868561667,39.01573651522979,700,889,7505.0,Yes,42.25,0.67,41,75.66,Niboye,Poor,Critical,50.17601738379146,High,Good,3,1,1,37.53659436961801,1.4791421456117817
Rwanda,Kicukiro,2018,-1.9892839061250325,30.132766183682016,0.9199008341063378,9.468709375739133,38.2372581531737,700,889,7479.0,Yes,42.25,0.67,41,75.66,Kigarama,Poor,Critical,47.70596752891283,High,Good,3,1,1,37.880245283617015,0.35701286955668365
Rwanda,Kicukiro,2018,-2.006683046359076,30.12410016732342,0.9399256928155396,11.958918501577289,37.75788907033565,700,889,7262.0,Yes,42.25,0.67,41,75.66,Kicukiro,Poor,Critical,49.71680757191294,High,Good,3,1,1,37.574802750701096,0.18308631963455468
Rwanda,Kicukiro,2018,-1.9925407277458704,30.123096628814565,0.8789769883804154,9.096389570057765,34.979980564094205,700,889,7581.0,Yes,42.25,0.67,41,75.66,Masaka,Average,Critical,44.07637013415197,High,Good,3,1,1,36.081536438982056,1.1015558748878505
Rwanda,Kicukiro,2018,-2.000581570323792,30.13624368224963,0.9030175269935248,11.750273799264832,36.21706630849348,700,889,7455.0,Yes,42.25,0.67,41,75.66,Nyarugunga,Poor,Critical,47.96734010775831,High,Good,3,1,1,37.67248159536473,1.4554152868712507
Rwanda,Kicukiro,2019,-2.005872434580004,30.121185715523463,0.7030568616312901,12.136743077490488,22.471334522929208,3190,818,11047.0,Yes,35.36,0.04,83,48.48,Gahanga,Good,High,34.6080776004197,Very High,Poor,3,1,1,22.692590663968154,0.2212561410389462
Rwanda,Kicukiro,2019,-1.9901358652997216,30.121268679477737,0.7249523696556651,11.821490447538498,22.534830661348376,3190,818,11300.0,Yes,35.36,0.04,83,48.48,Gatenga,Good,High,34.356321108886874,Very High,Poor,3,1,1,22.12742442289685,0.4074062384515251
Rwanda,Kicukiro,2019,-1.9901289449980628,30.11953178300535,0.658978530200734,11.707596217252188,21.86566993390823,3190,818,11238.0,Yes,35.36,0.04,83,48.48,Gikondo,Good,High,33.57326615116042,Very High,Poor,3,1,1,21.736743942160903,0.12892599174732666
Rwanda,Kicukiro,2019,-1.9988418375706665,30.133078964963588,0.653694345111652,14.324595071795873,24.22303300939893,3190,818,11281.0,Yes,35.36,0.04,83,48.48,Kanombe,Good,High,38.5476280811948,Very High,Poor,3,1,1,23.77831907642968,0.44471393296925044
Rwanda,Kicukiro,2019,-1.9980189602022016,30.138298458894475,0.702591517391798,14.380963254067256,20.398182702248064,3190,818,11221.0,Yes,35.36,0.04,83,48.48,Kagarama,Good,High,34.77914595631532,Very High,Poor,3,1,1,21.546339661894223,1.1481569596461583
Rwanda,Kicukiro,2019,-2.001299763587586,30.12606325820528,0.7053112954036992,14.431970096102052,24.00985041023489,3190,818,11148.0,Yes,35.36,0.04,83,48.48,Niboye,Good,High,38.44182050633694,Very High,Poor,3,1,1,23.65849425703309,0.3513561532017988
Rwanda,Kicukiro,2019,-1.9949626545780077,30.13235098916861,0.7199895093162271,14.432647002225677,25.552353640466592,3190,818,11097.0,Yes,35.36,0.04,83,48.48,Kigarama,Average,High,39.98500064269227,Very High,Poor,3,1,1,24.539970528412223,1.0123831120543691
Rwanda,Kicukiro,2019,-2.000026091967061,30.126972900738306,0.6437410408144025,12.152935185977938,24.41052454297515,3190,818,11282.0,Yes,35.36,0.04,83,48.48,Kicukiro,Good,High,36.56345972895309,Very High,Poor,3,1,1,23.573180551834472,0.8373439911406777
Rwanda,Kicukiro,2019,-2.0027186624887108,30.13778442084924,0.6655969364429635,11.991453496981832,21.39465282608711,3190,818,11274.0,Yes,35.36,0.04,83,48.48,Masaka,Good,High,33.386106323068944,Very High,Poor,3,1,1,21.75489687728962,0.36024405120251046
Rwanda,Kicukiro,2019,-2.004015364816842,30.12340740825054,0.6898953450737741,11.962086105122134,20.119229154455773,3190,818,11192.0,Yes,35.36,0.04,83,48.48,Nyarugunga,Good,High,32.081315259577906,Very High,Poor,3,1,1,20.632730300173662,0.5135011457178891
Rwanda,Kicukiro,2020,-1.988401985514486,30.12004831021376,0.2555007773484728,5.750819245352166,10.395578054966936,3290,290,5422.0,Yes,74.45,0.25,19,78.0,Gahanga,Excellent,Low,16.1463973003191,Medium,Poor,1,1,1,9.698154177810647,0.6974238771562895
Rwanda,Kicukiro,2020,-2.0045938215572394,30.12590201951589,0.2146855314860575,4.099339357496444,7.695310746423075,3290,290,5455.0,Yes,74.45,0.25,19,78.0,Gatenga,Excellent,Low,11.794650103919519,Medium,Poor,1,1,1,8.30897456155189,0.613663815128815
Rwanda,Kicukiro,2020,-2.005132655382253,30.135746807562807,0.1851756494324049,6.046531694690014,6.722210927378246,3290,290,5585.0,Yes,74.45,0.25,19,78.0,Gikondo,Excellent,Low,12.76874262206826,Medium,Poor,1,1,1,8.301308223721247,1.5790972963430008
Rwanda,Kicukiro,2020,-1.9984168665537436,30.128568898766265,0.1856657707714365,4.0471074113474685,10.192206685367168,3290,290,5585.0,Yes,74.45,0.25,19,78.0,Kanombe,Excellent,Low,14.239314096714637,Medium,Poor,1,1,1,9.304876993691083,0.8873296916760847
Rwanda,Kicukiro,2020,-2.001604394939283,30.12041820255913,0.21350371980579,6.072523550016784,10.68197834243652,3290,290,5714.0,Yes,74.45,0.25,19,78.0,Kagarama,Excellent,Low,16.754501892453302,Medium,Poor,1,1,1,9.352253707706478,1.3297246347300415
Rwanda,Kicukiro,2020,-1.9963165966054244,30.125568731858216,0.1768407036957829,4.534001223104754,7.114753009284185,3290,290,5666.0,Yes,74.45,0.25,19,78.0,Niboye,Excellent,Low,11.648754232388939,Medium,Poor,1,1,1,7.450440134620857,0.3356871253366718
Rwanda,Kicukiro,2020,-2.0074177487615623,30.13424379722383,0.2095770123700578,5.599631292976962,9.238519983794658,3290,290,5527.0,Yes,74.45,0.25,19,78.0,Kigarama,Excellent,Low,14.83815127677162,Medium,Poor,1,1,1,9.24504317758897,0.006523193794311766
Rwanda,Kicukiro,2020,-2.00090960706026,30.137313206362595,0.2674789193323033,5.551505418348472,10.539108456743332,3290,290,5617.0,Yes,74.45,0.25,19,78.0,Kicukiro,Excellent,Low,16.090613875091805,Medium,Poor,1,1,1,9.234483419618362,1.3046250371249695
Rwanda,Kicukiro,2020,-1.9889192388565504,30.11872118282646,0.263488214725282,4.685956051434143,7.331966546799955,3290,290,5403.0,Yes,74.45,0.25,19,78.0,Masaka,Excellent,Low,12.017922598234097,Medium,Poor,1,1,1,8.344165573753479,1.0121990269535237
Rwanda,Kicukiro,2020,-2.006522046796161,30.129741038692245,0.1852576914726094,2.369158496281269,7.368250757343454,3290,290,5607.0,Yes,74.45,0.25,19,78.0,Nyarugunga,Excellent,Low,9.737409253624723,Medium,Poor,1,1,1,7.941136003148901,0.5728852458054465
Rwanda,Kicukiro,2021,-1.9926092185068407,30.1335174770071,0.4073437088635944,2.166521464521179,16.401652873295077,3657,845,13836.0,No,58.0,0.87,32,29.66,Gahanga,Good,Medium,18.568174337816256,Very High,Excellent,0,1,0,16.862551190196474,0.46089831690139604
Rwanda,Kicukiro,2021,-1.995282746362237,30.12036913705033,0.3782344971313399,4.143412051798409,16.721275952982996,3657,845,13925.0,No,58.0,0.87,32,29.66,Gatenga,Good,Medium,20.864688004781407,Very High,Excellent,0,1,0,16.06855262704081,0.652723325942187
Rwanda,Kicukiro,2021,-1.9904285588955424,30.12288938098284,0.3264251566908188,2.6440467681502877,18.73866072420394,3657,845,14111.0,No,58.0,0.87,32,29.66,Gikondo,Good,Medium,21.38270749235423,Very High,Excellent,0,1,0,17.784914647904852,0.9537460762990868
Rwanda,Kicukiro,2021,-2.007812555352535,30.132963353054148,0.4064485405441769,4.971977913508736,19.07443006195012,3657,845,13942.0,No,58.0,0.87,32,29.66,Kanombe,Good,Medium,24.046407975458855,Very High,Excellent,0,1,0,17.702928303744883,1.3715017582052376
Rwanda,Kicukiro,2021,-2.0055423465113438,30.13348732534755,0.3394912387953009,3.3305471250454177,17.79120692752269,3657,845,14200.0,No,58.0,0.87,32,29.66,Kagarama,Good,Medium,21.121754052568107,Very High,Excellent,0,1,0,17.45500896018623,0.3361979673364601
Rwanda,Kicukiro,2021,-2.00688488320149,30.127987017207715,0.3513644794254618,4.1810281370991,15.589219456537563,3657,845,14209.0,No,58.0,0.87,32,29.66,Niboye,Good,Medium,19.77024759363666,Very High,Excellent,0,1,0,16.191720986601606,0.6025015300640426
Rwanda,Kicukiro,2021,-2.003971611724667,30.12606472909312,0.3933026823904851,3.687921036144159,15.08987345551377,3657,845,14001.0,No,58.0,0.87,32,29.66,Kigarama,Good,Medium,18.77779449165793,Very High,Excellent,0,1,0,16.071556408505796,0.9816829529920259
Rwanda,Kicukiro,2021,-1.994248757468906,30.12181546281116,0.3257643742830941,5.4551142686644685,14.604087510034196,3657,845,13987.0,No,58.0,0.87,32,29.66,Kicukiro,Excellent,Medium,20.059201778698664,Very High,Excellent,0,1,0,15.555753833843946,0.95166632380975
Rwanda,Kicukiro,2021,-1.9937208007561744,30.122953524101792,0.3226105423124957,5.681881230907447,18.88507071092613,3657,845,14004.0,No,58.0,0.87,32,29.66,Masaka,Good,Medium,24.566951941833576,Very High,Excellent,0,1,0,15.499979899298886,3.3850908116272436
Rwanda,Kicukiro,2021,-2.001713723711507,30.13369295536809,0.3277077067650127,5.407971643224228,16.082158469109473,3657,845,14172.0,No,58.0,0.87,32,29.66,Nyarugunga,Good,Medium,21.490130112333702,Very High,Excellent,0,1,0,16.373245453821376,0.2910869847119031
Rwanda,Kicukiro,2022,-2.000758456213445,30.12170595770298,0.4625338777059427,15.238028877624831,16.259437718984476,2538,397,6157.0,No,36.33,0.65,81,87.47,Gahanga,Good,Medium,31.497466596609307,Medium,Good,0,1,0,16.584592170896034,0.32515445191155834
Rwanda,Kicukiro,2022,-2.0014760745772,30.122314555290004,0.5025300065987011,11.804255236943082,18.46081714345333,2538,397,6277.0,No,36.33,0.65,81,87.47,Gatenga,Good,Medium,30.26507238039641,Medium,Good,0,1,0,17.857713288635342,0.6031038548179879
Rwanda,Kicukiro,2022,-2.002560630030304,30.131372862559516,0.5158522793372784,14.862431508176211,17.638487089472417,2538,397,6274.0,No,36.33,0.65,81,87.47,Gikondo,Good,Medium,32.50091859764863,Medium,Good,0,1,0,17.147535132643032,0.49095195682938453
Rwanda,Kicukiro,2022,-1.9932544933388023,30.128219636659576,0.5137455313819016,15.117172339583226,16.056667304064227,2538,397,6075.0,No,36.33,0.65,81,87.47,Kanombe,Good,Medium,31.173839643647455,Medium,Good,0,1,0,16.09737705089192,0.04070974682769446
Rwanda,Kicukiro,2022,-1.9939276186526529,30.130412149455797,0.524633141094612,12.53754981162521,17.840412341799606,2538,397,6150.0,No,36.33,0.65,81,87.47,Kagarama,Good,Medium,30.377962153424818,Medium,Good,0,1,0,17.39761497220868,0.4427973695909273
Rwanda,Kicukiro,2022,-1.9938535189170064,30.12446835618595,0.5196461144210857,15.34478548470681,15.711255939961642,2538,397,6117.0,No,36.33,0.65,81,87.47,Niboye,Good,Medium,31.05604142466845,Medium,Good,0,1,0,15.895920165302233,0.18466422534059035
Rwanda,Kicukiro,2022,-1.99782051140968,30.123477899318782,0.5214054325577366,13.609301161753365,18.20414890284728,2538,397,5917.0,No,36.33,0.65,81,87.47,Kigarama,Good,Medium,31.813450064600644,Medium,Good,0,1,0,17.514936950861614,0.6892119519856656
Rwanda,Kicukiro,2022,-1.9929390939837524,30.13257473840796,0.4651587625870622,13.011482427377048,19.85987704087623,2538,397,6232.0,No,36.33,0.65,81,87.47,Kicukiro,Good,Medium,32.87135946825328,Medium,Good,0,1,0,18.851705108753812,1.0081719321224192
Rwanda,Kicukiro,2022,-1.9995045349211424,30.123527190395222,0.4797765142188127,12.30525580896374,17.08171501600297,2538,397,6262.0,No,36.33,0.65,81,87.47,Masaka,Good,Medium,29.38697082496671,Medium,Good,0,1,0,17.73102230976278,0.6493072937598079
Rwanda,Kicukiro,2022,-1.9992834569552085,30.131231856827963,0.5399766769921539,14.100834206873913,16.11765979342225,2538,397,6015.0,No,36.33,0.65,81,87.47,Nyarugunga,Good,Medium,30.21849400029616,Medium,Good,0,1,0,16.709611733218175,0.5919519397959263
Rwanda,Kicukiro,2023,-1.9902805902721272,30.12463191507949,0.2227654342178338,8.073927797287345,20.826867744736543,4248,274,3026.0,Yes,76.57,0.32,92,73.27,Gahanga,Good,Low,28.900795542023886,Medium,Fair,1,1,1,21.22024747964713,0.39337973491058875
Rwanda,Kicukiro,2023,-2.0033975108292443,30.127890745577368,0.2105462249782957,7.636052252932583,20.27500794841881,4248,274,2978.0,Yes,76.57,0.32,92,73.27,Gatenga,Good,Low,27.911060201351393,Low,Fair,1,1,1,20.844188171155007,0.5691802227361968
Rwanda,Kicukiro,2023,-1.997042879908005,30.138152099432343,0.2564703228796118,7.269391842713791,22.41649842762039,4248,274,2665.0,Yes,76.57,0.32,92,73.27,Gikondo,Good,Low,29.68589027033418,Low,Fair,1,1,1,22.176460392231057,0.24003803538933255
Rwanda,Kicukiro,2023,-2.0049646046363367,30.12927670501071,0.1673277728913483,9.759081460595583,21.465913775343378,4248,274,2997.0,Yes,76.57,0.32,92,73.27,Kanombe,Good,Low,31.224995235938962,Low,Fair,1,1,1,21.409955743194356,0.05595803214902162
Rwanda,Kicukiro,2023,-1.989163957297812,30.126894146714054,0.2570678959393781,10.72192145743299,20.50431329690252,4248,274,2710.0,Yes,76.57,0.32,92,73.27,Kagarama,Good,Low,31.226234754335508,Low,Fair,1,1,1,21.344819650523434,0.8405063536209134
Rwanda,Kicukiro,2023,-1.997860906947829,30.128274538614395,0.2576144313455221,10.21123247052494,22.3184974515049,4248,274,2892.0,Yes,76.57,0.32,92,73.27,Niboye,Good,Low,32.529729922029844,Low,Fair,1,1,1,22.338874745585994,0.020377294081093567
Rwanda,Kicukiro,2023,-1.9915549838385835,30.136841168086644,0.2253603568897805,11.032446065247733,20.936246098934618,4248,274,2948.0,Yes,76.57,0.32,92,73.27,Kigarama,Good,Low,31.96869216418235,Low,Fair,1,1,1,21.24990748496805,0.31366138603343074
Rwanda,Kicukiro,2023,-2.002435386656005,30.123144795756115,0.162192157410405,9.765975608348592,18.502145970867986,4248,274,2733.0,Yes,76.57,0.32,92,73.27,Kicukiro,Good,Low,28.268121579216576,Low,Fair,1,1,1,21.89388615161398,3.3917401807459946
Rwanda,Kicukiro,2023,-1.9942158067764544,30.11904967348327,0.2335684255225005,10.13875081963426,23.73769397022927,4248,274,2945.0,Yes,76.57,0.32,92,73.27,Masaka,Good,Low,33.87644478986353,Low,Fair,1,1,1,22.68144257383803,1.0562513963912394
Rwanda,Kicukiro,2023,-1.9918128000144264,30.13627003366017,0.1967013690510202,7.576808840502458,21.90402744637299,4248,274,2868.0,Yes,76.57,0.32,92,73.27,Nyarugunga,Good,Low,29.480836286875448,Low,Fair,1,1,1,21.58618198318028,0.317845463192711
Rwanda,Nyarugenge,2017,-1.9438278675842715,30.057194333264512,0.4699766863774059,13.660763663156986,36.40809479749783,4081,856,8117.0,Yes,37.09,0.04,6,55.24,Gitega,Poor,Medium,50.068858460654816,High,Poor,2,2,1,37.131792783717096,0.7236979862192641
Rwanda,Nyarugenge,2017,-1.935629856192134,30.052942689036808,0.4649778593537403,14.606395773568408,39.80627485903153,4081,856,8124.0,Yes,37.09,0.04,6,55.24,Kanyinya,Poor,Medium,54.41267063259994,High,Poor,2,2,1,38.80734544119505,0.9989294178364858
Rwanda,Nyarugenge,2017,-1.9380667664141615,30.054259091455663,0.4990479095999888,15.054795263759829,38.96593950278452,4081,856,8090.0,Yes,37.09,0.04,6,55.24,Kigali,Poor,Medium,54.02073476654435,High,Poor,2,2,1,39.83618978972985,0.8702502869453284
Rwanda,Nyarugenge,2017,-1.935082710407093,30.05475953695577,0.4784632060752914,15.404906525963073,41.57770400295293,4081,856,7931.0,Yes,37.09,0.04,6,55.24,Kimisagara,Poor,Medium,56.982610528916,High,Poor,2,2,1,40.22543363100306,1.3522703719498708
Rwanda,Nyarugenge,2017,-1.9539961256904868,30.06091328957461,0.4352482659397145,16.482241254895232,37.197179300435984,4081,856,7925.0,Yes,37.09,0.04,6,55.24,Mageragere,Poor,Medium,53.67942055533122,High,Poor,2,2,1,38.171401260878376,0.9742219604423923
Rwanda,Nyarugenge,2017,-1.9390396754546555,30.054357460808024,0.4323249090623948,14.66304166278344,35.82835096780785,4081,856,8026.0,Yes,37.09,0.04,6,55.24,Muhima,Poor,Medium,50.49139263059129,High,Poor,2,2,1,36.40804175593474,0.5796907881268893
Rwanda,Nyarugenge,2017,-1.939210201247621,30.065740107425484,0.4274097154806321,15.680959875110734,40.87331583533396,4081,856,8201.0,Yes,37.09,0.04,6,55.24,Nyakabanda,Poor,Medium,56.5542757104447,High,Poor,2,2,1,40.08112862014292,0.7921872151910421
Rwanda,Nyarugenge,2017,-1.9368311052901628,30.06365933374583,0.4282217877390916,14.714204960477431,35.76708354312113,4081,856,8022.0,Yes,37.09,0.04,6,55.24,Nyamirambo,Poor,Medium,50.48128850359856,High,Poor,2,2,1,36.291573635975965,0.5244900928548333
Rwanda,Nyarugenge,2017,-1.9381169063821595,30.06863634459623,0.4597724216275854,14.9023674260578,40.49737093975448,4081,856,8147.0,Yes,37.09,0.04,6,55.24,Nyarugenge,Poor,Medium,55.39973836581228,High,Poor,2,2,1,40.06705426736655,0.4303166723879315
Rwanda,Nyarugenge,2017,-1.947845078679686,30.062190713379525,0.4909352777240593,13.205339161727895,36.41741163664255,4081,856,8233.0,Yes,37.09,0.04,6,55.24,Rwezamenyo,Poor,Medium,49.62275079837045,High,Poor,2,2,1,37.04558320075594,0.6281715641133943
Rwanda,Nyarugenge,2018,-1.9441684171922675,30.063662779710675,0.1952591216401634,5.265175432313934,35.2187202330968,3974,687,3362.0,Yes,79.14,0.24,72,17.28,Gitega,Poor,Low,40.483895665410735,Medium,Poor,1,2,1,34.704583880148704,0.5141363529480998
Rwanda,Nyarugenge,2018,-1.947327280551518,30.05204940847513,0.2497734139616658,6.880141772822148,37.74438785207766,3974,687,3046.0,Yes,79.14,0.24,72,17.28,Kanyinya,Poor,Low,44.62452962489981,Medium,Poor,1,2,1,37.69433140259659,0.05005644948106891
Rwanda,Nyarugenge,2018,-1.9540562915270203,30.05896352560073,0.2089277965858335,6.652804559469644,34.7221987527413,3974,687,3270.0,Yes,79.14,0.24,72,17.28,Kigali,Average,Low,41.37500331221094,Medium,Poor,1,2,1,35.16160829542922,0.439409542687919
Rwanda,Nyarugenge,2018,-1.946603168180287,30.06051445694993,0.2628270480868974,6.850237257435496,38.21790844031022,3974,687,3112.0,Yes,79.14,0.24,72,17.28,Kimisagara,Poor,Low,45.06814569774571,Medium,Poor,1,2,1,37.978252999809804,0.23965544050041387
Rwanda,Nyarugenge,2018,-1.939490675098883,30.057095579476076,0.2163649371841635,8.106049519337338,34.051957928802764,3974,687,3339.0,Yes,79.14,0.24,72,17.28,Mageragere,Average,Low,42.158007448140104,Medium,Poor,1,2,1,35.025820107842414,0.9738621790396493
Rwanda,Nyarugenge,2018,-1.9430769402796289,30.06323139293636,0.2365959402004857,6.994411518243123,39.8785326907977,3974,687,3212.0,Yes,79.14,0.24,72,17.28,Muhima,Poor,Low,46.872944209040824,Medium,Poor,1,2,1,36.610218686008594,3.2683140047891044
Rwanda,Nyarugenge,2018,-1.9368043820751963,30.052817038952757,0.2135968875265028,4.679436523394616,34.96505254979607,3974,687,3017.0,Yes,79.14,0.24,72,17.28,Nyakabanda,Average,Low,39.644489073190684,Medium,Poor,1,2,1,34.8004266488384,0.16462590095766672
Rwanda,Nyarugenge,2018,-1.9489747508937232,30.071653563076296,0.2815876569703848,6.016916378250405,35.59186547358029,3974,687,3370.0,Yes,79.14,0.24,72,17.28,Nyamirambo,Poor,Low,41.6087818518307,Medium,Poor,1,2,1,35.45056469246542,0.14130078111487165
Rwanda,Nyarugenge,2018,-1.9385040030424825,30.070373614098862,0.2579608673870946,4.782277027534349,35.15161604336982,3974,687,3263.0,Yes,79.14,0.24,72,17.28,Nyarugenge,Poor,Low,39.93389307090417,Medium,Poor,1,2,1,35.14462694449553,0.006989098874292665
Rwanda,Nyarugenge,2018,-1.9384376451640568,30.071175387264645,0.2330195932668225,6.702071406878524,38.391534706097445,3974,687,3023.0,Yes,79.14,0.24,72,17.28,Rwezamenyo,Poor,Low,45.09360611297597,Medium,Poor,1,2,1,37.334397870047844,1.057136836049601
Rwanda,Nyarugenge,2019,-1.948176378775708,30.05570370289946,0.5203346428405414,7.120863490357096,33.28242940254359,3431,659,9895.0,Yes,25.42,0.84,63,26.79,Gitega,Average,Medium,40.40329289290069,High,Excellent,0,2,1,33.16251475196068,0.1199146505829134
Rwanda,Nyarugenge,2019,-1.9374102913511764,30.064364902447384,0.4684562939534925,7.156250815004816,32.445073492300466,3431,659,9925.0,Yes,25.42,0.84,63,26.79,Kanyinya,Average,Medium,39.60132430730528,High,Excellent,0,2,1,32.333011276788504,0.11206221551196194
Rwanda,Nyarugenge,2019,-1.9479337655078448,30.05514587738207,0.4419448103864319,5.85963915721198,30.75252237544676,3431,659,9862.0,Yes,25.42,0.84,63,26.79,Kigali,Average,Medium,36.61216153265874,High,Excellent,0,2,1,32.10440000022229,1.3518776247755326
Rwanda,Nyarugenge,2019,-1.9444696358852016,30.06991792642769,0.4406965908904273,6.955713240974763,35.67139232527136,3431,659,9813.0,Yes,25.42,0.84,63,26.79,Kimisagara,Poor,Medium,42.62710556624613,High,Excellent,0,2,1,32.94637387393628,2.7250184513350817
Rwanda,Nyarugenge,2019,-1.9362412731040448,30.06217253473731,0.4666927998241018,6.867611503865043,35.15974565288126,3431,659,9844.0,Yes,25.42,0.84,63,26.79,Mageragere,Poor,Medium,42.027357156746305,High,Excellent,0,2,1,32.52077392493382,2.6389717279474425
Rwanda,Nyarugenge,2019,-1.9357043328388008,30.06463991476434,0.4575853943219003,5.302391487685943,32.327031195149715,3431,659,10055.0,Yes,25.42,0.84,63,26.79,Muhima,Average,Medium,37.62942268283566,Very High,Excellent,0,2,1,31.2367101538201,1.0903210413296165
Rwanda,Nyarugenge,2019,-1.9350478680675416,30.069478013596108,0.4326443648748018,4.515573072218839,35.557928657683874,3431,659,9895.0,Yes,25.42,0.84,63,26.79,Nyakabanda,Poor,Medium,40.073501729902716,High,Excellent,0,2,1,32.40984722817186,3.148081429512011
Rwanda,Nyarugenge,2019,-1.9520696193917733,30.059184406133863,0.5127593592490022,6.292852729972175,33.53329810236138,3431,659,9803.0,Yes,25.42,0.84,63,26.79,Nyamirambo,Average,Medium,39.82615083233355,High,Excellent,0,2,1,32.95436166504532,0.5789364373160595
Rwanda,Nyarugenge,2019,-1.9513418424823332,30.06215630335504,0.4866858529560117,7.702084852614887,30.82974943528868,3431,659,9874.0,Yes,25.42,0.84,63,26.79,Nyarugenge,Average,Medium,38.531834287903564,High,Excellent,0,2,1,31.42724950339039,0.5975000681017093
Rwanda,Nyarugenge,2019,-1.9519945160455303,30.053964150345315,0.4935918484836225,7.574504907578164,32.711845015480286,3431,659,9802.0,Yes,25.42,0.84,63,26.79,Rwezamenyo,Average,Medium,40.28634992305845,High,Excellent,0,2,1,32.279266392373486,0.4325786231067994
Rwanda,Nyarugenge,2020,-1.94188118861702,30.056124289565016,0.1876817611365291,9.112864229119438,32.041823655583244,1869,560,4323.0,Yes,30.46,0.69,43,94.31,Gitega,Average,Low,41.15468788470268,Medium,Good,0,2,1,31.172486718103364,0.8693369374798792
Rwanda,Nyarugenge,2020,-1.9429147770214756,30.05652689006076,0.2315327993513077,8.862663978139338,31.29381317192408,1869,560,4439.0,Yes,30.46,0.69,43,94.31,Kanyinya,Average,Low,40.15647715006342,Medium,Good,0,2,1,29.169022982926148,2.124790188997931
Rwanda,Nyarugenge,2020,-1.9530079943950367,30.05241733333499,0.1959341487883932,9.876118491536184,28.063135665523955,1869,560,4153.0,Yes,30.46,0.69,43,94.31,Kigali,Average,Low,37.93925415706014,Medium,Good,0,2,1,27.816893445558126,0.24624221996582918
Rwanda,Nyarugenge,2020,-1.936907596221999,30.06460679284736,0.1827272914404657,11.293393298270807,31.07960538524718,1869,560,4385.0,Yes,30.46,0.69,43,94.31,Kimisagara,Average,Low,42.37299868351799,Medium,Good,0,2,1,30.37120310909016,0.7084022761570203
Rwanda,Nyarugenge,2020,-1.9476781195852129,30.05725974698155,0.2016075294135755,10.045887572145531,28.677861851839108,1869,560,4310.0,Yes,30.46,0.69,43,94.31,Mageragere,Average,Low,38.72374942398464,Medium,Good,0,2,1,29.11451534665693,0.436653494817822
Rwanda,Nyarugenge,2020,-1.9452956630848013,30.064627784828375,0.1862846086968226,8.502003400555386,28.10280641243885,1869,560,4415.0,Yes,30.46,0.69,43,94.31,Muhima,Average,Low,36.60480981299423,Medium,Good,0,2,1,29.24060957871308,1.1378031662742316
Rwanda,Nyarugenge,2020,-1.941625372470349,30.06007931703105,0.2624437075421024,8.395870226968317,29.13064762426644,1869,560,4447.0,Yes,30.46,0.69,43,94.31,Nyakabanda,Average,Low,37.52651785123476,Medium,Good,0,2,1,28.9765679661117,0.15407965815474256
Rwanda,Nyarugenge,2020,-1.939709546544904,30.0697216060437,0.2299885835465661,10.42593355193562,30.075169400331745,1869,560,4257.0,Yes,30.46,0.69,43,94.31,Nyamirambo,Average,Low,40.50110295226737,Medium,Good,0,2,1,28.093369277934467,1.9818001223972779
Rwanda,Nyarugenge,2020,-1.9397026763906295,30.063776763395484,0.2190637702902141,8.265904776474038,30.64972463194464,1869,560,4383.0,Yes,30.46,0.69,43,94.31,Nyarugenge,Average,Low,38.91562940841868,Medium,Good,0,2,1,29.021708391084026,1.6280162408606138
Rwanda,Nyarugenge,2020,-1.9370748147184351,30.069521825593853,0.2000969540144171,8.417466473107254,26.458033624516982,1869,560,4258.0,Yes,30.46,0.69,43,94.31,Rwezamenyo,Average,Low,34.87550009762424,Medium,Good,0,2,1,27.87033637746005,1.4123027529430665
Rwanda,Nyarugenge,2021,-1.9405861346089728,30.06440916748253,0.303636468806961,8.18272983659613,8.429400789756688,4561,347,4569.0,Yes,69.03,0.56,64,33.47,Gitega,Excellent,Medium,16.612130626352815,Medium,Fair,1,2,1,10.131719983924633,1.702319194167945
Rwanda,Nyarugenge,2021,-1.9402833814406568,30.053520843046886,0.3032234479280388,5.833845194816502,8.689653055851608,4561,347,4623.0,Yes,69.03,0.56,64,33.47,Kanyinya,Excellent,Medium,14.523498250668109,Medium,Fair,1,2,1,9.679214483282038,0.9895614274304307
Rwanda,Nyarugenge,2021,-1.9359107763710808,30.062352195196773,0.3075339373771157,6.861759515055432,9.62300961998433,4561,347,4656.0,Yes,69.03,0.56,64,33.47,Kigali,Excellent,Medium,16.484769135039762,Medium,Fair,1,2,1,9.643773015885445,0.02076339590111509
Rwanda,Nyarugenge,2021,-1.938376792035674,30.055873375653672,0.2819776158135502,6.794820018786861,8.687916257265226,4561,347,4596.0,Yes,69.03,0.56,64,33.47,Kimisagara,Excellent,Low,15.482736276052087,Medium,Fair,1,2,1,8.83990372479455,0.1519874675293238
Rwanda,Nyarugenge,2021,-1.9407314611396709,30.054805637925643,0.2717332465485325,6.8845619925314265,10.646360563326402,4561,347,4560.0,Yes,69.03,0.56,64,33.47,Mageragere,Excellent,Low,17.530922555857828,Medium,Fair,1,2,1,9.078572721346445,1.567787841979957
Rwanda,Nyarugenge,2021,-1.9351788609905167,30.054586833734977,0.3363954884165999,8.305330064707654,9.913231000269349,4561,347,4588.0,Yes,69.03,0.56,64,33.47,Muhima,Excellent,Medium,18.218561064977003,Medium,Fair,1,2,1,11.22594092096569,1.3127099206963422
Rwanda,Nyarugenge,2021,-1.94861210922771,30.053623861497478,0.3237912095425732,5.958356735510021,12.772022843100656,4561,347,4774.0,Yes,69.03,0.56,64,33.47,Nyakabanda,Excellent,Medium,18.730379578610677,Medium,Fair,1,2,1,12.427668289189985,0.34435455391067116
Rwanda,Nyarugenge,2021,-1.9389379991095368,30.0600619647147,0.3236093899749166,5.570405056994614,13.223403328861554,4561,347,4724.0,Yes,69.03,0.56,64,33.47,Nyamirambo,Excellent,Medium,18.793808385856167,Medium,Fair,1,2,1,12.77990842485032,0.44349490401123504
Rwanda,Nyarugenge,2021,-1.9410697645530468,30.06817777375383,0.3157935658385982,6.7302667151213535,9.769188143412386,4561,347,4912.0,Yes,69.03,0.56,64,33.47,Nyarugenge,Excellent,Medium,16.49945485853374,Medium,Fair,1,2,1,10.25806286432202,0.48887472090963513
Rwanda,Nyarugenge,2021,-1.9350637034046567,30.07180694242747,0.3002116927855823,5.491189064032273,13.647685164386973,4561,347,4934.0,Yes,69.03,0.56,64,33.47,Rwezamenyo,Excellent,Medium,19.138874228419247,Medium,Fair,1,2,1,11.990656532445575,1.6570286319413974
Rwanda,Nyarugenge,2022,-1.9398372971151767,30.071318066284054,0.9511965732700342,13.742212602373684,24.6690294163643,4590,58,4883.0,Yes,70.8,0.86,58,80.19,Gitega,Good,Critical,38.41124201873798,Medium,Excellent,3,2,1,25.763333469036716,1.0943040526724168
Rwanda,Nyarugenge,2022,-1.9474810024436429,30.05379666370624,0.9415167886532644,13.532708361393832,27.635491700891706,4590,58,5011.0,Yes,70.8,0.86,58,80.19,Kanyinya,Average,Critical,41.168200062285536,Medium,Excellent,3,2,1,27.018942582686826,0.6165491182048797
Rwanda,Nyarugenge,2022,-1.9459030300882345,30.069215362815733,0.9197734559774398,14.709495324935702,25.748914870867296,4590,58,5089.0,Yes,70.8,0.86,58,80.19,Kigali,Average,Critical,40.458410195803,Medium,Excellent,3,2,1,25.269668175226016,0.47924669564127953
Rwanda,Nyarugenge,2022,-1.9480035588364424,30.071322521215333,0.9560576385231532,16.006367577373503,24.19657464916985,4590,58,5141.0,Yes,70.8,0.86,58,80.19,Kimisagara,Good,Critical,40.20294222654336,Medium,Excellent,3,2,1,24.643522913725043,0.44694826455519276
Rwanda,Nyarugenge,2022,-1.9440843402173231,30.057517737822625,0.9540690026593288,12.88129286624924,28.239123085228798,4590,58,5032.0,Yes,70.8,0.86,58,80.19,Mageragere,Average,Critical,41.12041595147804,Medium,Excellent,3,2,1,27.866555695277885,0.37256738995091254
Rwanda,Nyarugenge,2022,-1.934634332235788,30.06036487272751,0.979876558837714,12.792907329945963,27.338783969287704,4590,58,4902.0,Yes,70.8,0.86,58,80.19,Muhima,Average,Critical,40.131691299233665,Medium,Excellent,3,2,1,27.45423041408315,0.1154464447954453
Rwanda,Nyarugenge,2022,-1.9528265934127964,30.06449116186107,0.9021020286424288,13.25621917846374,27.210100075127578,4590,58,5180.0,Yes,70.8,0.86,58,80.19,Nyakabanda,Average,Critical,40.466319253591315,Medium,Excellent,3,2,1,26.977380411820107,0.23271966330747063
Rwanda,Nyarugenge,2022,-1.9523610643149552,30.07128224610346,0.9142491497022108,14.546107911123858,23.65178879867268,4590,58,5137.0,Yes,70.8,0.86,58,80.19,Nyamirambo,Good,Critical,38.19789670979654,Medium,Excellent,3,2,1,24.344578075267094,0.6927892765944144
Rwanda,Nyarugenge,2022,-1.950178347535972,30.06852926940142,0.9828299265324576,13.260798754757744,26.46818797522319,4590,58,5052.0,Yes,70.8,0.86,58,80.19,Nyarugenge,Average,Critical,39.72898672998093,Medium,Excellent,3,2,1,26.79099155865824,0.32280358343505
Rwanda,Nyarugenge,2022,-1.943536184288608,30.069918880765066,0.9405166242300445,15.24675930746033,26.05179557885104,4590,58,4941.0,Yes,70.8,0.86,58,80.19,Rwezamenyo,Average,Critical,41.298554886311365,Medium,Excellent,3,2,1,25.669491942454066,0.38230363639697273
Rwanda,Nyarugenge,2023,-1.945879024059067,30.06813964630088,0.7288499912636367,2.819238591655402,12.44426321647074,1945,153,9741.0,Yes,26.09,0.66,97,35.55,Gitega,Excellent,High,15.263501808126142,High,Good,0,2,1,12.210617276747572,0.23364593972316783
Rwanda,Nyarugenge,2023,-1.946052788299215,30.07156335789229,0.6640982380864736,2.940184543934228,12.78005486318813,1945,153,9544.0,Yes,26.09,0.66,97,35.55,Kanyinya,Excellent,High,15.720239407122358,High,Good,0,2,1,13.308156789588839,0.5281019264007085
Rwanda,Nyarugenge,2023,-1.951070415019961,30.05368798892605,0.6937540860747828,2.244202751813197,15.13209604762856,1945,153,9503.0,Yes,26.09,0.66,97,35.55,Kigali,Good,High,17.376298799441756,High,Good,0,2,1,14.643723614915409,0.4883724327131507
Rwanda,Nyarugenge,2023,-1.948431321738772,30.062466937181764,0.6350049743025076,5.745832969367381,12.614608960429567,1945,153,9628.0,Yes,26.09,0.66,97,35.55,Kimisagara,Excellent,High,18.36044192979695,High,Good,0,2,1,12.639641739929294,0.025032779499726487
Rwanda,Nyarugenge,2023,-1.952480404764444,30.06806509723136,0.7214067471486932,4.97797393472344,9.808407998298009,1945,153,9672.0,Yes,26.09,0.66,97,35.55,Mageragere,Excellent,High,14.786381933021449,High,Good,0,2,1,10.93298937630704,1.1245813780090312
Rwanda,Nyarugenge,2023,-1.9388959889670356,30.0537385736438,0.6574537270005014,6.00603649632431,14.556293893726252,1945,153,9561.0,Yes,26.09,0.66,97,35.55,Muhima,Excellent,High,20.562330390050562,High,Good,0,2,1,13.88880785891809,0.6674860348081619
Rwanda,Nyarugenge,2023,-1.9513953881637105,30.06912698762631,0.6381056262097873,3.8499794245210026,12.152820963401972,1945,153,9747.0,Yes,26.09,0.66,97,35.55,Nyakabanda,Excellent,High,16.002800387922974,High,Good,0,2,1,12.384784092858968,0.2319631294569966
Rwanda,Nyarugenge,2023,-1.936147302954309,30.06651250970688,0.6810443774845774,5.542585038559013,9.623989920452024,1945,153,9689.0,Yes,26.09,0.66,97,35.55,Nyamirambo,Excellent,High,15.166574959011037,High,Good,0,2,1,12.819223665760303,3.195233745308279
Rwanda,Nyarugenge,2023,-1.9483154717751372,30.06356344750939,0.7147307099637197,3.55384782460718,11.463911874257104,1945,153,9453.0,Yes,26.09,0.66,97,35.55,Nyarugenge,Excellent,High,15.017759698864284,High,Good,0,2,1,12.458251798976473,0.9943399247193696
Rwanda,Nyarugenge,2023,-1.94449750789448,30.061516454484245,0.6844167965431822,3.3419493156184514,15.22826468480309,1945,153,9533.0,Yes,26.09,0.66,97,35.55,Rwezamenyo,Good,High,18.57021400042154,High,Good,0,2,1,14.258516448475739,0.9697482363273515
